ts,candidate,trial,write_ms,search_ms,visible_ms,polls,rtt_ms,hit
2026-10-02T15:34:36,pgvector,0,561.5,175.1,736.6,1,68.2,我對花生過敏，平常住在台中。
2026-10-02T15:34:36,pgvector,1,207.6,184.4,392.0,1,68.2,我對花生過敏，平常住在台中。
2026-10-02T15:34:37,pgvector,2,197.6,167.1,364.7,1,68.2,我對花生過敏，平常住在台中。
2026-10-02T15:34:37,pgvector,3,174.5,165.5,340.0,1,68.2,我對花生過敏，平常住在台中。
2026-10-02T15:34:37,pgvector,4,178.8,114.6,293.4,1,68.2,我對花生過敏，平常住在台中。
2026-10-02T15:34:38,pgvector,5,218.7,172.9,391.7,1,68.2,我對花生過敏，平常住在台中。
2026-10-02T15:34:38,pgvector,6,341.8,121.5,463.4,1,68.2,我對花生過敏，平常住在台中。
2026-10-02T15:34:38,pgvector,7,122.1,238.9,361.0,1,68.2,我對花生過敏，平常住在台中。
2026-10-02T15:34:39,pgvector,8,192.0,170.3,362.4,1,68.2,我對花生過敏，平常住在台中。
2026-10-02T15:34:39,pgvector,9,174.1,192.1,366.2,1,68.2,我對花生過敏，平常住在台中。
2026-10-02T15:41:54,agentcore,0,1933.7,329.7,,127,60.8,
2026-10-02T15:43:02,agentcore,1,196.4,267.3,68051.0,30,60.8,用戶對花生過敏。
2026-10-02T15:44:07,agentcore,2,264.8,336.8,65407.9,28,60.8,用戶對花生過敏。
2026-10-02T15:45:13,agentcore,3,243.3,441.8,65921.5,28,60.8,用戶對花生過敏。
2026-10-02T15:46:17,agentcore,4,175.6,346.7,63863.5,28,60.8,用戶對花生過敏。
2026-10-02T15:47:44,mem0,0,3818.6,159.5,3978.1,1,68.7,User has a peanut allergy
2026-10-02T15:47:46,mem0,1,1901.7,159.3,2061.1,1,68.7,User has a peanut allergy
2026-10-02T15:47:48,mem0,2,1885.7,184.3,2070.0,1,68.7,User has a peanut allergy
2026-10-02T15:47:50,mem0,3,1551.5,185.8,1737.3,1,68.7,User has a peanut allergy
2026-10-02T15:47:51,mem0,4,1595.8,181.4,1777.2,1,68.7,User has a peanut allergy
2026-10-02T15:47:53,mem0,5,1566.1,192.6,1758.7,1,68.7,User has a peanut allergy
2026-10-02T15:47:55,mem0,6,1714.6,158.1,1872.7,1,68.7,User has a peanut allergy
2026-10-02T15:47:57,mem0,7,1754.5,171.8,1926.2,1,68.7,User has a peanut allergy
2026-10-02T15:47:59,mem0,8,1673.0,131.4,1804.4,1,68.7,User has a peanut allergy
2026-10-02T15:48:01,mem0,9,1683.2,170.3,1853.6,1,68.7,User has a peanut allergy
