viewport,liveview,round,session_id,seconds,vcpu_hours,gb_hours,usd,usd_per_hour,avg_vcpu,avg_gb
390x844,False,2,01M4341EGDKJ837S0KZDDH2P7Z,302,0.042751,0.334802,0.006990,0.0832,0.509,3.987
1280x720,False,2,01M4341EJ07J0KAGBKDZW2CX7Z,302,0.046212,0.335614,0.007308,0.0870,0.550,3.997
390x844,True,2,01M4341EHVQBTD6MS4KE80BPA6,303,0.046462,0.327431,0.007253,0.0862,0.552,3.892
1280x720,True,2,01M4341EH54MKM3F52CC1NWX4A,602,INVALID（超過工作負載時間）
1280x720,False,3,01M434ZQ87PQGMXH0JCDE8F9MW,302,0.045625,0.335161,0.007251,0.0864,0.543,3.992
390x844,False,3,01M434ZQ7KAVC1957GM1SH68FR,302,0.042782,0.335751,0.007002,0.0833,0.509,3.996
390x844,True,3,01M434ZQ7Z7ZG8Q6NPQ7JVNSMZ,302,0.047384,0.335728,0.007413,0.0883,0.564,3.997
1280x720,True,3,01M434ZQ75SK31Q2NE6FG9ZBSY,303,0.048680,0.335756,0.007530,0.0895,0.579,3.992
390x844,True,4,01M4359D47XZBV656DAEEW5E1S,302,0.048009,0.329757,0.007413,0.0884,0.573,3.933
1280x720,False,4,01M4359D42QQ08KZTK63NRX93P,302,0.046763,0.335726,0.007358,0.0876,0.557,3.997
390x844,False,4,01M4359D3DZ96C0T3RBY4ENV8A,303,0.049625,0.335776,0.007615,0.0905,0.590,3.992
1280x720,True,4,01M4359D26PQ7VACHR91CW1E9H,303,0.049606,0.335950,0.007614,0.0905,0.590,3.993
1280x720,True,5,01M435K5FDE2EM8MGG5A0DM0QJ,361,INVALID（超過工作負載時間）
1280x720,True,6,01M435YRV5W7FDNJH0PZ4T5SB0,302,0.050849,0.335055,0.007717,0.0919,0.606,3.990

viewport,liveview,n,usd_per_hour_mean,min,max,avg_vcpu_mean,avg_gb_mean
1280x720,False,3,0.0870,0.0864,0.0876,0.550,3.995
1280x720,True,3,0.0906,0.0895,0.0919,0.591,3.992
390x844,False,3,0.0857,0.0832,0.0905,0.536,3.992
390x844,True,3,0.0876,0.0862,0.0884,0.563,3.941
