round,viewport,liveview,session_id,started_utc,stopped_utc,pages_loaded
1,1280x720,False,01M433D3C6JKPBB76H5KCCX0XS,2026-10-04T09:19:59+00:00,2026-10-04T09:25:00+00:00,20
1,1280x720,True,01M433D3BP1KARQ31BMR6F68S9,2026-10-04T09:19:59+00:00,2026-10-04T09:25:00+00:00,19
1,390x844,False,01M433D3B6FEYR7DME2EHY9E5B,2026-10-04T09:20:00+00:00,2026-10-04T09:25:01+00:00,21
1,390x844,True,01M433D3BP7D07VK32TY2H5DY1,2026-10-04T09:19:59+00:00,2026-10-04T09:30:09+00:00,1
2,390x844,False,01M4341EGDKJ837S0KZDDH2P7Z,2026-10-04T09:31:07+00:00,2026-10-04T09:36:07+00:00,21
2,1280x720,False,01M4341EJ07J0KAGBKDZW2CX7Z,2026-10-04T09:31:07+00:00,2026-10-04T09:36:07+00:00,20
2,390x844,True,01M4341EHVQBTD6MS4KE80BPA6,2026-10-04T09:31:06+00:00,2026-10-04T09:36:08+00:00,21
2,1280x720,True,01M4341EH54MKM3F52CC1NWX4A,2026-10-04T09:31:07+00:00,2026-10-04T09:41:13+00:00,1
0,1280x720,True,01M434NBZSSPW01QD3W6KCDHEB,2026-10-04T09:41:59+00:00,2026-10-04T09:47:00+00:00,20
3,1280x720,False,01M434ZQ87PQGMXH0JCDE8F9MW,2026-10-04T09:47:39+00:00,2026-10-04T09:52:39+00:00,20
3,390x844,False,01M434ZQ7KAVC1957GM1SH68FR,2026-10-04T09:47:39+00:00,2026-10-04T09:52:39+00:00,21
3,390x844,True,01M434ZQ7Z7ZG8Q6NPQ7JVNSMZ,2026-10-04T09:47:39+00:00,2026-10-04T09:52:39+00:00,20
3,1280x720,True,01M434ZQ75SK31Q2NE6FG9ZBSY,2026-10-04T09:47:39+00:00,2026-10-04T09:52:40+00:00,20
4,390x844,True,01M4359D47XZBV656DAEEW5E1S,2026-10-04T09:52:56+00:00,2026-10-04T09:57:56+00:00,20
4,1280x720,False,01M4359D42QQ08KZTK63NRX93P,2026-10-04T09:52:56+00:00,2026-10-04T09:57:57+00:00,20
4,390x844,False,01M4359D3DZ96C0T3RBY4ENV8A,2026-10-04T09:52:56+00:00,2026-10-04T09:57:57+00:00,19
4,1280x720,True,01M4359D26PQ7VACHR91CW1E9H,2026-10-04T09:52:56+00:00,2026-10-04T09:57:57+00:00,20
5,1280x720,True,01M435K5FDE2EM8MGG5A0DM0QJ,2026-10-04T09:58:16+00:00,2026-10-04T10:04:22+00:00,1
6,1280x720,True,01M435YRV5W7FDNJH0PZ4T5SB0,2026-10-04T10:04:36+00:00,2026-10-04T10:09:37+00:00,20
