variant,status,latency_ms,boot_age_s
wp1_cs_v1_img_pub,ok,3646.4,0.554
wp1_cs_v1_img_pub,ok,760.1,1346.193
wp1_cs_v1_img_pub,ok,3637.8,0.454
wp1_cs_v1_img_pub,ok,745.0,1682.825
wp1_cs_v1_img_pub,ok,864.3,1367.787
wp1_cs_v1_img_pub,ok,862.7,1303.034
wp1_cs_v1_img_pub,ok,863.4,1319.287
wp1_cs_v1_img_pub,ok,3659.6,0.575
wp1_cs_v1_img_pub,ok,3658.5,0.553
wp1_cs_v1_img_pub,ok,3617.3,0.494
wp1_cs_v1_img_pub,ok,3591.3,0.611
wp1_cs_v1_img_pub,ok,728.0,1313.785
wp1_cs_v1_img_pub,ok,707.8,1715.506
wp1_cs_v1_img_pub,ok,669.0,1685.665
wp1_cs_v1_img_pub,ok,3588.3,0.563
wp1_cs_v1_img_pub,ok,712.3,1297.631
wp1_cs_v1_img_pub,ok,3615.3,0.587
wp1_cs_v1_img_pub,ok,3546.4,0.457
wp1_cs_v1_img_pub,ok,3622.8,0.596
wp1_cs_v1_img_pub,ok,860.3,1286.925
wp1_cs_v1_img_pub,ok,3652.8,0.551
wp1_cs_v1_img_pub,ok,3625.8,0.509
wp1_cs_v1_img_pub,ok,706.7,1292.142
wp1_cs_v1_img_pub,ok,1014.3,1324.93
wp1_cs_v1_img_pub,ok,857.4,1667.295
wp1_cs_v1_img_pub,ok,3606.8,0.412
wp1_cs_v1_img_pub,ok,3542.1,0.481
wp1_cs_v1_img_pub,ok,3605.5,0.465
wp1_cs_v1_img_pub,ok,732.6,1708.697
wp1_cs_v1_img_pub,ok,725.6,1308.431
wp1_cs_v2_img_pub,ok,1813.4,2243.389
wp1_cs_v2_img_pub,ok,1797.6,2243.378
wp1_cs_v2_img_pub,ok,2063.9,2243.564
wp1_cs_v2_img_pub,ok,1953.0,2242.83
wp1_cs_v2_img_pub,ok,1826.6,2243.419
wp1_cs_v2_img_pub,ok,1934.6,2243.528
wp1_cs_v2_img_pub,ok,2408.8,2243.291
wp1_cs_v2_img_pub,ok,1873.5,2243.466
wp1_cs_v2_img_pub,ok,1921.7,2243.51
wp1_cs_v2_img_pub,ok,2061.2,2242.854
wp1_cs_v2_img_pub,ok,1950.3,2243.538
wp1_cs_v2_img_pub,ok,2061.1,2243.579
wp1_cs_v2_img_pub,ok,2059.7,2243.647
wp1_cs_v2_img_pub,ok,1949.6,2243.532
wp1_cs_v2_img_pub,ok,2060.5,2243.596
wp1_cs_v2_img_pub,ok,1905.4,2243.496
wp1_cs_v2_img_pub,ok,1875.8,2243.462
wp1_cs_v2_img_pub,ok,1903.4,2243.497
wp1_cs_v2_img_pub,ok,2277.0,2243.868
wp1_cs_v2_img_pub,ok,1847.6,2243.44
wp1_cs_v2_img_pub,ok,2269.5,2243.857
wp1_cs_v2_img_pub,ok,1874.4,2243.468
wp1_cs_v2_img_pub,ok,1767.4,2243.364
wp1_cs_v2_img_pub,ok,2134.6,2243.729
wp1_cs_v2_img_pub,ok,1817.8,2243.408
wp1_cs_v2_img_pub,ok,2056.9,2243.611
wp1_cs_v2_img_pub,ok,1901.4,2243.496
wp1_cs_v2_img_pub,ok,1905.6,2243.502
wp1_cs_v2_img_pub,ok,1712.3,2243.308
wp1_cs_v2_img_pub,ok,2071.9,2243.654
wp1_cs_v1_bigimg_pub,ok,17831.5,1.727
wp1_cs_v1_bigimg_pub,ok,17830.6,1.709
wp1_cs_v1_bigimg_pub,ok,1418.7,1166.332
wp1_cs_v1_bigimg_pub,ok,15787.8,0.019
wp1_cs_v1_bigimg_pub,ok,15868.0,0.068
wp1_cs_v1_bigimg_pub,ok,17834.5,1.982
wp1_cs_v1_bigimg_pub,ok,17833.5,1.606
wp1_cs_v1_bigimg_pub,ok,17888.2,1.941
wp1_cs_v1_bigimg_pub,ok,17831.8,1.841
wp1_cs_v1_bigimg_pub,ok,15901.7,0.021
wp1_cs_v1_bigimg_pub,ok,17833.8,1.613
wp1_cs_v1_bigimg_pub,ok,1067.3,1117.265
wp1_cs_v1_bigimg_pub,ok,17833.7,1.876
wp1_cs_v1_bigimg_pub,ok,17918.6,2.008
wp1_cs_v1_bigimg_pub,ok,1172.4,1095.113
wp1_cs_v1_bigimg_pub,ok,1087.4,1089.08
wp1_cs_v1_bigimg_pub,ok,1047.7,1134.039
wp1_cs_v1_bigimg_pub,ok,17826.0,1.983
wp1_cs_v1_bigimg_pub,ok,1729.1,1106.029
wp1_cs_v1_bigimg_pub,ok,1172.0,1074.422
wp1_cs_v1_bigimg_pub,ok,1349.5,1510.768
wp1_cs_v1_bigimg_pub,ok,1046.3,1100.938
wp1_cs_v1_bigimg_pub,ok,17829.9,0.749
wp1_cs_v1_bigimg_pub,ok,17870.0,1.59
wp1_cs_v1_bigimg_pub,ok,17826.4,1.548
wp1_cs_v1_bigimg_pub,ok,15724.9,0.207
wp1_cs_v1_bigimg_pub,ok,1045.3,1112.227
wp1_cs_v1_bigimg_pub,ok,18013.5,2.016
wp1_cs_v1_bigimg_pub,ok,17827.6,2.0
wp1_cs_v1_bigimg_pub,ok,17827.9,1.698
wp1_cs_v1_bigimg_pub,ok,17825.4,1.915
wp1_cs_v1_bigimg_pub,ok,17870.5,1.85
wp1_cs_v1_bigimg_pub,ok,17839.6,1.575
wp1_cs_v1_bigimg_pub,ok,17850.6,1.665
wp1_cs_v1_bigimg_pub,ok,17826.9,1.957
wp1_cs_v1_bigimg_pub,ok,17941.7,1.585
wp1_cs_v1_bigimg_pub,ok,17860.4,2.033
wp1_cs_v1_bigimg_pub,ok,15722.0,0.066
wp1_cs_v1_bigimg_pub,ok,15897.6,0.122
wp1_cs_v1_bigimg_pub,ok,17863.1,2.019
wp1_cs_v1_bigimg_pub,ok,17822.6,1.989
wp1_cs_v1_bigimg_pub,ok,17821.7,1.818
wp1_cs_v1_bigimg_pub,ok,15726.6,0.101
wp1_cs_v1_bigimg_pub,ok,1038.8,1135.113
wp1_cs_v1_bigimg_pub,ok,17713.8,2.02
wp1_cs_v1_bigimg_pub,ok,1202.2,1085.227
wp1_cs_v1_bigimg_pub,ok,15867.9,0.02
wp1_cs_v1_bigimg_pub,ok,15872.5,0.103
wp1_cs_v1_bigimg_pub,ok,17818.4,1.943
wp1_cs_v1_bigimg_pub,ok,17833.8,1.829
wp1_cs_v1_bigimg_pub,ok,17834.1,1.589
wp1_cs_v1_bigimg_pub,ok,17924.8,1.888
wp1_cs_v1_bigimg_pub,ok,15771.2,0.061
wp1_cs_v1_bigimg_pub,ok,17718.8,2.014
wp1_cs_v1_bigimg_pub,ok,1739.8,1078.854
wp1_cs_v1_bigimg_pub,ok,15788.3,0.072
wp1_cs_v1_bigimg_pub,ok,17818.2,1.674
wp1_cs_v1_bigimg_pub,ok,1166.7,1068.502
wp1_cs_v1_bigimg_pub,ok,2210.0,1123.363
wp1_cs_v1_bigimg_pub,ok,17816.7,1.56
wp1_cs_v2_bigimg_pub,ok,2186.0,1683.954
wp1_cs_v2_bigimg_pub,ok,2006.2,1683.793
wp1_cs_v2_bigimg_pub,ok,2143.9,1683.885
wp1_cs_v2_bigimg_pub,ok,1931.2,1683.707
wp1_cs_v2_bigimg_pub,ok,1877.0,1683.67
wp1_cs_v2_bigimg_pub,ok,1975.9,1683.766
wp1_cs_v2_bigimg_pub,ok,2141.4,1683.866
wp1_cs_v2_bigimg_pub,ok,2181.5,1683.96
wp1_cs_v2_bigimg_pub,ok,1963.2,1683.755
wp1_cs_v2_bigimg_pub,ok,2452.0,1683.789
wp1_cs_v2_bigimg_pub,ok,2142.0,1683.419
wp1_cs_v2_bigimg_pub,ok,2031.6,1683.828
wp1_cs_v2_bigimg_pub,ok,2277.0,1684.069
wp1_cs_v2_bigimg_pub,ok,1991.8,1683.787
wp1_cs_v2_bigimg_pub,ok,2141.4,1683.869
wp1_cs_v2_bigimg_pub,ok,2249.5,1684.052
wp1_cs_v2_bigimg_pub,ok,1834.8,1683.628
wp1_cs_v2_bigimg_pub,ok,2029.0,1683.372
wp1_cs_v2_bigimg_pub,ok,2199.8,1683.995
wp1_cs_v2_bigimg_pub,ok,2216.3,1684.008
wp1_cs_v2_bigimg_pub,ok,2138.8,1683.893
wp1_cs_v2_bigimg_pub,ok,2140.8,1683.877
wp1_cs_v2_bigimg_pub,ok,2043.1,1683.832
wp1_cs_v2_bigimg_pub,ok,2139.9,1683.88
wp1_cs_v2_bigimg_pub,ok,2197.3,1683.987
wp1_cs_v2_bigimg_pub,ok,1932.5,1683.728
wp1_cs_v2_bigimg_pub,ok,2045.5,1683.844
wp1_cs_v2_bigimg_pub,ok,2398.9,1684.193
wp1_cs_v2_bigimg_pub,ok,1779.5,1683.578
wp1_cs_v2_bigimg_pub,ok,1966.2,1683.31
wp1_cs_v2_bigimg_pub,ok,2137.8,1683.93
wp1_cs_v2_bigimg_pub,ok,2266.3,1684.064
wp1_cs_v2_bigimg_pub,ok,2136.2,1683.889
wp1_cs_v2_bigimg_pub,ok,2028.8,1683.828
wp1_cs_v2_bigimg_pub,ok,1943.6,1683.747
wp1_cs_v2_bigimg_pub,ok,2174.8,1683.96
wp1_cs_v2_bigimg_pub,ok,2335.6,1684.134
wp1_cs_v2_bigimg_pub,ok,1993.3,1683.798
wp1_cs_v2_bigimg_pub,ok,1793.8,1683.596
wp1_cs_v2_bigimg_pub,ok,2176.2,1683.972
wp1_cs_v2_bigimg_pub,ok,2135.1,1683.932
wp1_cs_v2_bigimg_pub,ok,2041.9,1683.843
wp1_cs_v2_bigimg_pub,ok,2133.8,1683.903
wp1_cs_v2_bigimg_pub,ok,2130.6,1683.871
wp1_cs_v2_bigimg_pub,ok,2918.0,1684.723
wp1_cs_v2_bigimg_pub,ok,1926.3,1683.719
wp1_cs_v2_bigimg_pub,ok,2174.8,1683.975
wp1_cs_v2_bigimg_pub,ok,2232.0,1684.035
wp1_cs_v2_bigimg_pub,ok,1905.5,1683.711
wp1_cs_v2_bigimg_pub,ok,2000.7,1683.808
wp1_cs_v2_bigimg_pub,ok,2172.7,1683.965
wp1_cs_v2_bigimg_pub,ok,1952.0,1683.754
wp1_cs_v2_bigimg_pub,ok,1857.4,1683.645
wp1_cs_v2_bigimg_pub,ok,2002.0,1683.345
wp1_cs_v2_bigimg_pub,ok,2006.0,1683.811
wp1_cs_v2_bigimg_pub,ok,2129.8,1683.816
wp1_cs_v2_bigimg_pub,ok,1894.2,1683.703
wp1_cs_v2_bigimg_pub,ok,1839.7,1683.636
wp1_cs_v2_bigimg_pub,ok,1856.3,1683.649
wp1_cs_v2_bigimg_pub,ok,1914.3,1683.721
wp1_cs_v1_img_pub,ok,3774.6,0.547
wp1_cs_v1_img_pub,ok,3772.7,0.537
wp1_cs_v1_img_pub,ok,3769.0,0.484
wp1_cs_v1_img_pub,ok,3775.2,0.574
wp1_cs_v1_img_pub,ok,767.8,40.707
wp1_cs_v1_img_pub,ok,3792.3,0.601
wp1_cs_v1_img_pub,ok,3904.4,0.555
wp1_cs_v1_img_pub,ok,3766.7,0.536
wp1_cs_v1_img_pub,ok,647.6,40.508
wp1_cs_v1_img_pub,ok,3774.4,0.548
wp1_cs_v1_img_pub,ok,3773.8,0.522
wp1_cs_v1_img_pub,ok,3768.7,0.425
wp1_cs_v1_img_pub,ok,3771.8,0.542
wp1_cs_v1_img_pub,ok,3764.8,0.564
wp1_cs_v1_img_pub,ok,3770.6,0.154
wp1_cs_v1_img_pub,ok,702.9,40.597
wp1_cs_v1_img_pub,ok,3814.3,0.587
wp1_cs_v1_img_pub,ok,3772.8,0.497
wp1_cs_v1_img_pub,ok,735.2,40.689
wp1_cs_v1_img_pub,ok,4827.6,0.65
wp1_cs_v1_img_pub,ok,3769.4,0.586
wp1_cs_v1_img_pub,ok,3771.4,0.512
wp1_cs_v1_img_pub,ok,3756.6,0.535
wp1_cs_v1_img_pub,ok,3811.4,0.592
wp1_cs_v1_img_pub,ok,3763.5,0.596
wp1_cs_v1_img_pub,ok,3769.3,0.616
wp1_cs_v1_img_pub,ok,3766.2,0.564
wp1_cs_v1_img_pub,ok,3761.8,0.533
wp1_cs_v1_img_pub,ok,4362.8,0.545
wp1_cs_v1_img_pub,ok,3775.3,0.628
wp1_cs_v1_img_pub,ok,3754.3,0.567
wp1_cs_v1_img_pub,ok,4176.9,0.499
wp1_cs_v1_img_pub,ok,3759.6,0.224
wp1_cs_v1_img_pub,ok,3762.5,0.54
wp1_cs_v1_img_pub,ok,4537.0,0.531
wp1_cs_v1_img_pub,ok,714.4,40.704
wp1_cs_v1_img_pub,ok,3950.1,0.583
wp1_cs_v1_img_pub,ok,722.4,40.7
wp1_cs_v1_img_pub,ok,4454.9,0.592
wp1_cs_v1_img_pub,ok,3781.6,0.526
wp1_cs_v1_img_pub,ok,3761.7,0.507
wp1_cs_v1_img_pub,ok,3763.2,0.528
wp1_cs_v1_img_pub,ok,3747.8,0.541
wp1_cs_v1_img_pub,ok,759.6,40.289
wp1_cs_v1_img_pub,ok,3758.8,0.287
wp1_cs_v1_img_pub,ok,3782.0,0.588
wp1_cs_v1_img_pub,ok,3759.7,0.581
wp1_cs_v1_img_pub,ok,3761.4,0.507
wp1_cs_v1_img_pub,ok,3762.8,0.609
wp1_cs_v1_img_pub,ok,3760.6,0.518
wp1_cs_v1_img_pub,ok,3757.8,0.553
wp1_cs_v1_img_pub,ok,3757.0,0.508
wp1_cs_v1_img_pub,ok,742.6,40.699
wp1_cs_v1_img_pub,ok,3756.8,0.616
wp1_cs_v1_img_pub,ok,714.8,40.69
wp1_cs_v1_img_pub,ok,3798.3,0.659
wp1_cs_v1_img_pub,ok,771.4,40.305
wp1_cs_v1_img_pub,ok,3760.1,0.161
wp1_cs_v1_img_pub,ok,3754.3,0.518
wp1_cs_v1_img_pub,ok,3757.4,0.547
wp1_cs_v1_img_pub,ok,725.4,40.7
wp1_cs_v1_img_pub,ok,3757.9,0.548
wp1_cs_v1_img_pub,ok,3745.2,0.591
wp1_cs_v1_img_pub,ok,3744.3,0.498
wp1_cs_v1_img_pub,ok,3751.6,0.132
wp1_cs_v1_img_pub,ok,3757.1,0.546
wp1_cs_v1_img_pub,ok,3749.6,0.168
wp1_cs_v1_img_pub,ok,3757.7,0.618
wp1_cs_v1_img_pub,ok,3755.5,0.596
wp1_cs_v1_img_pub,ok,3744.9,0.539
wp1_cs_v1_img_pub,ok,4460.0,0.58
wp1_cs_v1_img_pub,ok,3862.4,0.677
wp1_cs_v1_img_pub,ok,3753.3,0.138
wp1_cs_v1_img_pub,ok,3751.3,0.387
wp1_cs_v1_img_pub,ok,3749.6,0.579
wp1_cs_v1_img_pub,ok,736.5,40.309
wp1_cs_v1_img_pub,ok,3749.1,0.595
wp1_cs_v1_img_pub,ok,3760.9,0.608
wp1_cs_v1_img_pub,ok,3745.5,0.078
wp1_cs_v1_img_pub,ok,722.5,40.424
wp1_cs_v1_img_pub,ok,3751.9,0.518
wp1_cs_v1_img_pub,ok,715.9,40.665
wp1_cs_v1_img_pub,ok,3856.2,0.62
wp1_cs_v1_img_pub,ok,3760.8,0.631
wp1_cs_v1_img_pub,ok,3749.5,0.495
wp1_cs_v1_img_pub,ok,696.2,40.647
wp1_cs_v1_img_pub,ok,3748.8,0.513
wp1_cs_v1_img_pub,ok,5843.2,1.848
wp1_cs_v1_img_pub,ok,3813.1,0.621
wp1_cs_v1_img_pub,ok,3747.8,0.566
wp1_cs_v1_img_pub,ok,3748.5,0.069
wp1_cs_v1_img_pub,ok,3748.8,0.658
wp1_cs_v1_img_pub,ok,3746.0,0.61
wp1_cs_v1_img_pub,ok,4407.6,0.622
wp1_cs_v1_img_pub,ok,3728.4,0.436
wp1_cs_v1_img_pub,ok,3747.4,0.595
wp1_cs_v1_img_pub,ok,4273.3,0.533
wp1_cs_v1_img_pub,ok,3744.6,0.47
wp1_cs_v1_img_pub,ok,3739.4,0.565
wp1_cs_v1_img_pub,ok,3747.1,0.535
wp1_cs_v1_img_pub,ok,3665.6,0.602
wp1_cs_v1_img_pub,ok,3660.7,0.545
wp1_cs_v1_img_pub,ok,3660.4,0.55
wp1_cs_v1_img_pub,ok,3801.0,0.586
wp1_cs_v1_img_pub,ok,3802.2,0.248
wp1_cs_v1_img_pub,ok,3675.8,0.544
wp1_cs_v1_img_pub,ok,3675.5,0.616
wp1_cs_v1_img_pub,ok,744.4,169.835
wp1_cs_v1_img_pub,ok,3803.0,0.537
wp1_cs_v1_img_pub,ok,3818.6,0.639
wp1_cs_v1_img_pub,ok,914.6,175.512
wp1_cs_v1_img_pub,ok,3802.2,0.563
wp1_cs_v1_img_pub,ok,674.6,163.77
wp1_cs_v1_img_pub,ok,3656.5,0.583
wp1_cs_v1_img_pub,ok,3685.8,0.565
wp1_cs_v1_img_pub,ok,3799.1,0.614
wp1_cs_v1_img_pub,ok,3801.2,0.593
wp1_cs_v1_img_pub,ok,674.0,181.629
wp1_cs_v1_img_pub,ok,675.4,160.664
wp1_cs_v1_img_pub,ok,673.2,157.956
wp1_cs_v1_img_pub,ok,880.8,190.421
wp1_cs_v1_img_pub,ok,3799.0,0.642
wp1_cs_v1_img_pub,ok,3793.2,0.574
wp1_cs_v1_img_pub,ok,3653.3,0.542
wp1_cs_v1_img_pub,ok,3679.6,0.58
wp1_cs_v1_img_pub,ok,666.3,166.72
wp1_cs_v1_img_pub,ok,3684.0,0.613
wp1_cs_v1_img_pub,ok,3797.5,0.611
wp1_cs_v1_img_pub,ok,674.9,172.71
wp1_cs_v1_img_pub,ok,782.8,196.672
wp1_cs_v1_img_vpc,ok,3604.5,0.508
wp1_cs_v1_img_vpc,ok,626.5,202.678
wp1_cs_v1_img_vpc,ok,3712.1,0.648
wp1_cs_v1_img_vpc,ok,626.2,190.913
wp1_cs_v1_img_vpc,ok,3620.4,0.515
wp1_cs_v1_img_vpc,ok,3552.5,0.503
wp1_cs_v1_img_vpc,ok,593.7,232.996
wp1_cs_v1_img_vpc,ok,3711.0,0.54
wp1_cs_v1_img_vpc,ok,3602.9,0.147
wp1_cs_v1_img_vpc,ok,592.1,242.183
wp1_cs_v1_img_vpc,ok,598.0,241.664
wp1_cs_v1_img_vpc,ok,597.0,196.746
wp1_cs_v1_img_vpc,ok,3598.0,0.492
wp1_cs_v1_img_vpc,ok,3597.7,0.522
wp1_cs_v1_img_vpc,ok,3591.7,0.553
wp1_cs_v1_img_vpc,ok,3559.2,0.48
wp1_cs_v1_img_vpc,ok,589.7,199.723
wp1_cs_v1_img_vpc,ok,595.6,208.505
wp1_cs_v1_img_vpc,ok,625.3,214.265
wp1_cs_v1_img_vpc,ok,3682.7,0.688
wp1_cs_v1_img_vpc,ok,884.6,245.735
wp1_cs_v1_img_vpc,ok,627.2,193.845
wp1_cs_v1_img_vpc,ok,3638.3,0.422
wp1_cs_v1_img_vpc,ok,3638.4,0.576
wp1_cs_v1_img_vpc,ok,602.3,211.493
wp1_cs_v1_img_vpc,ok,3567.1,0.499
wp1_cs_v1_img_vpc,ok,3596.3,0.491
wp1_cs_v1_img_vpc,ok,665.0,205.594
wp1_cs_v1_img_vpc,ok,3550.0,0.05
wp1_cs_v1_img_vpc,ok,3633.0,0.548
