ts_utc,user,call,session_id,status,latency_ms,boot_token,first_request
2026-10-02T06:43:39+00:00,1,1,wp1-cost-run-u01-a068e5de-a7c1-4058-bb17-810044698886,ok,564,b206133542026b16,True
2026-10-02T06:43:54+00:00,2,1,wp1-cost-run-u02-3d833f7d-ae57-493e-b6f9-4f7188f70c64,ok,990,6bf3e514313d8ad7,True
2026-10-02T06:44:09+00:00,3,1,wp1-cost-run-u03-056a6eff-fc14-42c8-bae6-590311b06fec,ok,673,f8abe6ed5827d079,True
2026-10-02T06:44:24+00:00,4,1,wp1-cost-run-u04-721db2ba-c375-47ae-8123-ae17b7cffd6c,ok,461,efad034a7e683250,True
2026-10-02T06:44:39+00:00,5,1,wp1-cost-run-u05-c790f20d-7312-4237-b743-5d830e043f12,ok,554,8d39932dfcd4e1e6,True
2026-10-02T06:44:54+00:00,6,1,wp1-cost-run-u06-c102344b-5dd1-4835-8af1-183f07f17da7,ok,560,ddcb383b8506e2b7,True
2026-10-02T06:45:09+00:00,7,1,wp1-cost-run-u07-f1bb5472-6e4c-4d3e-a851-faca2820472b,ok,466,3fc40ab57bd82f6e,True
2026-10-02T06:45:24+00:00,8,1,wp1-cost-run-u08-ab0aaa2c-db44-4e43-9bf3-6c362ca9143f,ok,506,da2738dac49e5a38,True
2026-10-02T06:45:39+00:00,9,1,wp1-cost-run-u09-f7bfc86a-6ee2-4ddf-bd5f-62766183f011,ok,437,6b13c3e6ba54298c,True
2026-10-02T06:45:54+00:00,10,1,wp1-cost-run-u10-d3cd6504-a141-430a-b4f6-060b4a151043,ok,532,2241cb0e8b59a225,True
2026-10-02T06:46:09+00:00,11,1,wp1-cost-run-u11-a8a25018-3a5e-45de-bba3-54793f5bfcbb,ok,464,21aa9fa600ef988f,True
2026-10-02T06:46:24+00:00,12,1,wp1-cost-run-u12-dbd24a4d-7416-411f-af83-c30c5e41941b,ok,478,98f6ca35477e6289,True
2026-10-02T06:46:39+00:00,13,1,wp1-cost-run-u13-13ceabcc-357a-4d7c-b088-16324fd6e878,ok,620,1ad8679cf4a611f3,True
2026-10-02T06:46:54+00:00,14,1,wp1-cost-run-u14-df2b1e9d-4317-48e7-880f-d8d5191f6b7b,ok,455,3ccf2ffac2f37684,True
2026-10-02T06:47:09+00:00,15,1,wp1-cost-run-u15-b947c9e6-b389-4ef4-80b6-7f5b38fd94f8,ok,502,47dcc336fc189632,True
2026-10-02T06:47:24+00:00,16,1,wp1-cost-run-u16-060d8b72-18e1-4888-893e-b2bc3daaabef,ok,481,49ce586124ee0590,True
2026-10-02T06:47:39+00:00,17,1,wp1-cost-run-u17-717bf805-be39-407e-b203-69529a5448fd,ok,442,9e7dc518f0f159d2,True
2026-10-02T06:47:54+00:00,18,1,wp1-cost-run-u18-7730b6fe-7a72-4df0-a4c6-683ec682f8b0,ok,591,b1ca1484f6352218,True
2026-10-02T06:48:09+00:00,19,1,wp1-cost-run-u19-8c45f4fd-0244-4b06-8aeb-617e4b215ee1,ok,627,e6e3372c39f2ba3d,True
2026-10-02T06:48:24+00:00,20,1,wp1-cost-run-u20-7254e685-b14b-4c3c-bcdf-97e709516903,ok,477,f4e0f0296b36a8e5,True
2026-10-02T06:48:39+00:00,1,2,wp1-cost-run-u01-a068e5de-a7c1-4058-bb17-810044698886,ok,182,b206133542026b16,False
2026-10-02T06:48:54+00:00,2,2,wp1-cost-run-u02-3d833f7d-ae57-493e-b6f9-4f7188f70c64,ok,185,6bf3e514313d8ad7,False
2026-10-02T06:49:09+00:00,3,2,wp1-cost-run-u03-056a6eff-fc14-42c8-bae6-590311b06fec,ok,224,f8abe6ed5827d079,False
2026-10-02T06:49:24+00:00,4,2,wp1-cost-run-u04-721db2ba-c375-47ae-8123-ae17b7cffd6c,ok,246,efad034a7e683250,False
2026-10-02T06:49:39+00:00,5,2,wp1-cost-run-u05-c790f20d-7312-4237-b743-5d830e043f12,ok,174,8d39932dfcd4e1e6,False
2026-10-02T06:49:54+00:00,6,2,wp1-cost-run-u06-c102344b-5dd1-4835-8af1-183f07f17da7,ok,171,ddcb383b8506e2b7,False
2026-10-02T06:50:09+00:00,7,2,wp1-cost-run-u07-f1bb5472-6e4c-4d3e-a851-faca2820472b,ok,180,3fc40ab57bd82f6e,False
2026-10-02T06:50:24+00:00,8,2,wp1-cost-run-u08-ab0aaa2c-db44-4e43-9bf3-6c362ca9143f,ok,135,da2738dac49e5a38,False
2026-10-02T06:50:39+00:00,9,2,wp1-cost-run-u09-f7bfc86a-6ee2-4ddf-bd5f-62766183f011,ok,218,6b13c3e6ba54298c,False
2026-10-02T06:50:54+00:00,10,2,wp1-cost-run-u10-d3cd6504-a141-430a-b4f6-060b4a151043,ok,153,2241cb0e8b59a225,False
2026-10-02T06:51:09+00:00,11,2,wp1-cost-run-u11-a8a25018-3a5e-45de-bba3-54793f5bfcbb,ok,172,21aa9fa600ef988f,False
2026-10-02T06:51:24+00:00,12,2,wp1-cost-run-u12-dbd24a4d-7416-411f-af83-c30c5e41941b,ok,193,98f6ca35477e6289,False
2026-10-02T06:51:39+00:00,13,2,wp1-cost-run-u13-13ceabcc-357a-4d7c-b088-16324fd6e878,ok,199,1ad8679cf4a611f3,False
2026-10-02T06:51:54+00:00,14,2,wp1-cost-run-u14-df2b1e9d-4317-48e7-880f-d8d5191f6b7b,ok,194,3ccf2ffac2f37684,False
2026-10-02T06:52:09+00:00,15,2,wp1-cost-run-u15-b947c9e6-b389-4ef4-80b6-7f5b38fd94f8,ok,160,47dcc336fc189632,False
2026-10-02T06:52:24+00:00,16,2,wp1-cost-run-u16-060d8b72-18e1-4888-893e-b2bc3daaabef,ok,227,49ce586124ee0590,False
2026-10-02T06:52:39+00:00,17,2,wp1-cost-run-u17-717bf805-be39-407e-b203-69529a5448fd,ok,282,9e7dc518f0f159d2,False
2026-10-02T06:52:54+00:00,18,2,wp1-cost-run-u18-7730b6fe-7a72-4df0-a4c6-683ec682f8b0,ok,185,b1ca1484f6352218,False
2026-10-02T06:53:09+00:00,19,2,wp1-cost-run-u19-8c45f4fd-0244-4b06-8aeb-617e4b215ee1,ok,170,e6e3372c39f2ba3d,False
2026-10-02T06:53:24+00:00,20,2,wp1-cost-run-u20-7254e685-b14b-4c3c-bcdf-97e709516903,ok,205,f4e0f0296b36a8e5,False
2026-10-02T06:53:39+00:00,1,3,wp1-cost-run-u01-a068e5de-a7c1-4058-bb17-810044698886,ok,219,b206133542026b16,False
2026-10-02T06:53:54+00:00,2,3,wp1-cost-run-u02-3d833f7d-ae57-493e-b6f9-4f7188f70c64,ok,260,6bf3e514313d8ad7,False
2026-10-02T06:54:09+00:00,3,3,wp1-cost-run-u03-056a6eff-fc14-42c8-bae6-590311b06fec,ok,167,f8abe6ed5827d079,False
2026-10-02T06:54:24+00:00,4,3,wp1-cost-run-u04-721db2ba-c375-47ae-8123-ae17b7cffd6c,ok,224,efad034a7e683250,False
2026-10-02T06:54:39+00:00,5,3,wp1-cost-run-u05-c790f20d-7312-4237-b743-5d830e043f12,ok,187,8d39932dfcd4e1e6,False
2026-10-02T06:54:54+00:00,6,3,wp1-cost-run-u06-c102344b-5dd1-4835-8af1-183f07f17da7,ok,253,ddcb383b8506e2b7,False
2026-10-02T06:55:09+00:00,7,3,wp1-cost-run-u07-f1bb5472-6e4c-4d3e-a851-faca2820472b,ok,250,3fc40ab57bd82f6e,False
2026-10-02T06:55:24+00:00,8,3,wp1-cost-run-u08-ab0aaa2c-db44-4e43-9bf3-6c362ca9143f,ok,154,da2738dac49e5a38,False
2026-10-02T06:55:39+00:00,9,3,wp1-cost-run-u09-f7bfc86a-6ee2-4ddf-bd5f-62766183f011,ok,173,6b13c3e6ba54298c,False
2026-10-02T06:55:54+00:00,10,3,wp1-cost-run-u10-d3cd6504-a141-430a-b4f6-060b4a151043,ok,174,2241cb0e8b59a225,False
2026-10-02T06:56:09+00:00,11,3,wp1-cost-run-u11-a8a25018-3a5e-45de-bba3-54793f5bfcbb,ok,223,21aa9fa600ef988f,False
2026-10-02T06:56:24+00:00,12,3,wp1-cost-run-u12-dbd24a4d-7416-411f-af83-c30c5e41941b,ok,128,98f6ca35477e6289,False
2026-10-02T06:56:39+00:00,13,3,wp1-cost-run-u13-13ceabcc-357a-4d7c-b088-16324fd6e878,ok,158,1ad8679cf4a611f3,False
2026-10-02T06:56:54+00:00,14,3,wp1-cost-run-u14-df2b1e9d-4317-48e7-880f-d8d5191f6b7b,ok,171,3ccf2ffac2f37684,False
2026-10-02T06:57:09+00:00,15,3,wp1-cost-run-u15-b947c9e6-b389-4ef4-80b6-7f5b38fd94f8,ok,174,47dcc336fc189632,False
2026-10-02T06:57:24+00:00,16,3,wp1-cost-run-u16-060d8b72-18e1-4888-893e-b2bc3daaabef,ok,173,49ce586124ee0590,False
2026-10-02T06:57:39+00:00,17,3,wp1-cost-run-u17-717bf805-be39-407e-b203-69529a5448fd,ok,210,9e7dc518f0f159d2,False
2026-10-02T06:57:54+00:00,18,3,wp1-cost-run-u18-7730b6fe-7a72-4df0-a4c6-683ec682f8b0,ok,153,b1ca1484f6352218,False
2026-10-02T06:58:09+00:00,19,3,wp1-cost-run-u19-8c45f4fd-0244-4b06-8aeb-617e4b215ee1,ok,278,e6e3372c39f2ba3d,False
2026-10-02T06:58:24+00:00,20,3,wp1-cost-run-u20-7254e685-b14b-4c3c-bcdf-97e709516903,ok,196,f4e0f0296b36a8e5,False
2026-10-02T06:58:39+00:00,1,4,wp1-cost-run-u01-a068e5de-a7c1-4058-bb17-810044698886,ok,195,b206133542026b16,False
2026-10-02T06:58:54+00:00,2,4,wp1-cost-run-u02-3d833f7d-ae57-493e-b6f9-4f7188f70c64,ok,188,6bf3e514313d8ad7,False
2026-10-02T06:59:09+00:00,3,4,wp1-cost-run-u03-056a6eff-fc14-42c8-bae6-590311b06fec,ok,223,f8abe6ed5827d079,False
2026-10-02T06:59:24+00:00,4,4,wp1-cost-run-u04-721db2ba-c375-47ae-8123-ae17b7cffd6c,ok,232,efad034a7e683250,False
2026-10-02T06:59:39+00:00,5,4,wp1-cost-run-u05-c790f20d-7312-4237-b743-5d830e043f12,ok,264,8d39932dfcd4e1e6,False
2026-10-02T06:59:54+00:00,6,4,wp1-cost-run-u06-c102344b-5dd1-4835-8af1-183f07f17da7,ok,175,ddcb383b8506e2b7,False
2026-10-02T07:00:09+00:00,7,4,wp1-cost-run-u07-f1bb5472-6e4c-4d3e-a851-faca2820472b,ok,215,3fc40ab57bd82f6e,False
2026-10-02T07:00:24+00:00,8,4,wp1-cost-run-u08-ab0aaa2c-db44-4e43-9bf3-6c362ca9143f,ok,174,da2738dac49e5a38,False
2026-10-02T07:00:39+00:00,9,4,wp1-cost-run-u09-f7bfc86a-6ee2-4ddf-bd5f-62766183f011,ok,230,6b13c3e6ba54298c,False
2026-10-02T07:00:54+00:00,10,4,wp1-cost-run-u10-d3cd6504-a141-430a-b4f6-060b4a151043,ok,233,2241cb0e8b59a225,False
2026-10-02T07:01:09+00:00,11,4,wp1-cost-run-u11-a8a25018-3a5e-45de-bba3-54793f5bfcbb,ok,191,21aa9fa600ef988f,False
2026-10-02T07:01:24+00:00,12,4,wp1-cost-run-u12-dbd24a4d-7416-411f-af83-c30c5e41941b,ok,200,98f6ca35477e6289,False
2026-10-02T07:01:39+00:00,13,4,wp1-cost-run-u13-13ceabcc-357a-4d7c-b088-16324fd6e878,ok,215,1ad8679cf4a611f3,False
2026-10-02T07:01:54+00:00,14,4,wp1-cost-run-u14-df2b1e9d-4317-48e7-880f-d8d5191f6b7b,ok,218,3ccf2ffac2f37684,False
2026-10-02T07:02:09+00:00,15,4,wp1-cost-run-u15-b947c9e6-b389-4ef4-80b6-7f5b38fd94f8,ok,207,47dcc336fc189632,False
2026-10-02T07:02:24+00:00,16,4,wp1-cost-run-u16-060d8b72-18e1-4888-893e-b2bc3daaabef,ok,202,49ce586124ee0590,False
2026-10-02T07:02:39+00:00,17,4,wp1-cost-run-u17-717bf805-be39-407e-b203-69529a5448fd,ok,253,9e7dc518f0f159d2,False
2026-10-02T07:02:54+00:00,18,4,wp1-cost-run-u18-7730b6fe-7a72-4df0-a4c6-683ec682f8b0,ok,293,b1ca1484f6352218,False
2026-10-02T07:03:09+00:00,19,4,wp1-cost-run-u19-8c45f4fd-0244-4b06-8aeb-617e4b215ee1,ok,192,e6e3372c39f2ba3d,False
2026-10-02T07:03:24+00:00,20,4,wp1-cost-run-u20-7254e685-b14b-4c3c-bcdf-97e709516903,ok,206,f4e0f0296b36a8e5,False
2026-10-02T07:03:39+00:00,1,5,wp1-cost-run-u01-a068e5de-a7c1-4058-bb17-810044698886,ok,144,b206133542026b16,False
2026-10-02T07:03:54+00:00,2,5,wp1-cost-run-u02-3d833f7d-ae57-493e-b6f9-4f7188f70c64,ok,245,6bf3e514313d8ad7,False
2026-10-02T07:04:09+00:00,3,5,wp1-cost-run-u03-056a6eff-fc14-42c8-bae6-590311b06fec,ok,261,f8abe6ed5827d079,False
2026-10-02T07:04:24+00:00,4,5,wp1-cost-run-u04-721db2ba-c375-47ae-8123-ae17b7cffd6c,ok,204,efad034a7e683250,False
2026-10-02T07:04:39+00:00,5,5,wp1-cost-run-u05-c790f20d-7312-4237-b743-5d830e043f12,ok,219,8d39932dfcd4e1e6,False
2026-10-02T07:04:54+00:00,6,5,wp1-cost-run-u06-c102344b-5dd1-4835-8af1-183f07f17da7,ok,202,ddcb383b8506e2b7,False
2026-10-02T07:05:09+00:00,7,5,wp1-cost-run-u07-f1bb5472-6e4c-4d3e-a851-faca2820472b,ok,235,3fc40ab57bd82f6e,False
2026-10-02T07:05:24+00:00,8,5,wp1-cost-run-u08-ab0aaa2c-db44-4e43-9bf3-6c362ca9143f,ok,237,da2738dac49e5a38,False
2026-10-02T07:05:39+00:00,9,5,wp1-cost-run-u09-f7bfc86a-6ee2-4ddf-bd5f-62766183f011,ok,231,6b13c3e6ba54298c,False
2026-10-02T07:05:54+00:00,10,5,wp1-cost-run-u10-d3cd6504-a141-430a-b4f6-060b4a151043,ok,184,2241cb0e8b59a225,False
2026-10-02T07:06:09+00:00,11,5,wp1-cost-run-u11-a8a25018-3a5e-45de-bba3-54793f5bfcbb,ok,186,21aa9fa600ef988f,False
2026-10-02T07:06:24+00:00,12,5,wp1-cost-run-u12-dbd24a4d-7416-411f-af83-c30c5e41941b,ok,186,98f6ca35477e6289,False
2026-10-02T07:06:39+00:00,13,5,wp1-cost-run-u13-13ceabcc-357a-4d7c-b088-16324fd6e878,ok,205,1ad8679cf4a611f3,False
2026-10-02T07:06:54+00:00,14,5,wp1-cost-run-u14-df2b1e9d-4317-48e7-880f-d8d5191f6b7b,ok,180,3ccf2ffac2f37684,False
2026-10-02T07:07:09+00:00,15,5,wp1-cost-run-u15-b947c9e6-b389-4ef4-80b6-7f5b38fd94f8,ok,209,47dcc336fc189632,False
2026-10-02T07:07:24+00:00,16,5,wp1-cost-run-u16-060d8b72-18e1-4888-893e-b2bc3daaabef,ok,182,49ce586124ee0590,False
2026-10-02T07:07:39+00:00,17,5,wp1-cost-run-u17-717bf805-be39-407e-b203-69529a5448fd,ok,209,9e7dc518f0f159d2,False
2026-10-02T07:07:54+00:00,18,5,wp1-cost-run-u18-7730b6fe-7a72-4df0-a4c6-683ec682f8b0,ok,195,b1ca1484f6352218,False
2026-10-02T07:08:09+00:00,19,5,wp1-cost-run-u19-8c45f4fd-0244-4b06-8aeb-617e4b215ee1,ok,151,e6e3372c39f2ba3d,False
2026-10-02T07:08:24+00:00,20,5,wp1-cost-run-u20-7254e685-b14b-4c3c-bcdf-97e709516903,ok,212,f4e0f0296b36a8e5,False
2026-10-02T07:08:39+00:00,1,6,wp1-cost-run-u01-a068e5de-a7c1-4058-bb17-810044698886,ok,272,b206133542026b16,False
2026-10-02T07:08:54+00:00,2,6,wp1-cost-run-u02-3d833f7d-ae57-493e-b6f9-4f7188f70c64,ok,166,6bf3e514313d8ad7,False
2026-10-02T07:09:09+00:00,3,6,wp1-cost-run-u03-056a6eff-fc14-42c8-bae6-590311b06fec,ok,200,f8abe6ed5827d079,False
2026-10-02T07:09:24+00:00,4,6,wp1-cost-run-u04-721db2ba-c375-47ae-8123-ae17b7cffd6c,ok,152,efad034a7e683250,False
2026-10-02T07:09:39+00:00,5,6,wp1-cost-run-u05-c790f20d-7312-4237-b743-5d830e043f12,ok,200,8d39932dfcd4e1e6,False
2026-10-02T07:09:54+00:00,6,6,wp1-cost-run-u06-c102344b-5dd1-4835-8af1-183f07f17da7,ok,243,ddcb383b8506e2b7,False
2026-10-02T07:10:09+00:00,7,6,wp1-cost-run-u07-f1bb5472-6e4c-4d3e-a851-faca2820472b,ok,239,3fc40ab57bd82f6e,False
2026-10-02T07:10:24+00:00,8,6,wp1-cost-run-u08-ab0aaa2c-db44-4e43-9bf3-6c362ca9143f,ok,198,da2738dac49e5a38,False
2026-10-02T07:10:39+00:00,9,6,wp1-cost-run-u09-f7bfc86a-6ee2-4ddf-bd5f-62766183f011,ok,165,6b13c3e6ba54298c,False
2026-10-02T07:10:54+00:00,10,6,wp1-cost-run-u10-d3cd6504-a141-430a-b4f6-060b4a151043,ok,196,2241cb0e8b59a225,False
2026-10-02T07:11:09+00:00,11,6,wp1-cost-run-u11-a8a25018-3a5e-45de-bba3-54793f5bfcbb,ok,291,21aa9fa600ef988f,False
2026-10-02T07:11:24+00:00,12,6,wp1-cost-run-u12-dbd24a4d-7416-411f-af83-c30c5e41941b,ok,162,98f6ca35477e6289,False
2026-10-02T07:11:39+00:00,13,6,wp1-cost-run-u13-13ceabcc-357a-4d7c-b088-16324fd6e878,ok,229,1ad8679cf4a611f3,False
2026-10-02T07:11:54+00:00,14,6,wp1-cost-run-u14-df2b1e9d-4317-48e7-880f-d8d5191f6b7b,ok,199,3ccf2ffac2f37684,False
2026-10-02T07:12:09+00:00,15,6,wp1-cost-run-u15-b947c9e6-b389-4ef4-80b6-7f5b38fd94f8,ok,204,47dcc336fc189632,False
2026-10-02T07:12:24+00:00,16,6,wp1-cost-run-u16-060d8b72-18e1-4888-893e-b2bc3daaabef,ok,200,49ce586124ee0590,False
2026-10-02T07:12:39+00:00,17,6,wp1-cost-run-u17-717bf805-be39-407e-b203-69529a5448fd,ok,211,9e7dc518f0f159d2,False
2026-10-02T07:12:54+00:00,18,6,wp1-cost-run-u18-7730b6fe-7a72-4df0-a4c6-683ec682f8b0,ok,246,b1ca1484f6352218,False
2026-10-02T07:13:09+00:00,19,6,wp1-cost-run-u19-8c45f4fd-0244-4b06-8aeb-617e4b215ee1,ok,283,e6e3372c39f2ba3d,False
2026-10-02T07:13:24+00:00,20,6,wp1-cost-run-u20-7254e685-b14b-4c3c-bcdf-97e709516903,ok,220,f4e0f0296b36a8e5,False
2026-10-02T07:13:39+00:00,1,7,wp1-cost-run-u01-a068e5de-a7c1-4058-bb17-810044698886,ok,169,b206133542026b16,False
2026-10-02T07:13:54+00:00,2,7,wp1-cost-run-u02-3d833f7d-ae57-493e-b6f9-4f7188f70c64,ok,233,6bf3e514313d8ad7,False
2026-10-02T07:14:09+00:00,3,7,wp1-cost-run-u03-056a6eff-fc14-42c8-bae6-590311b06fec,ok,217,f8abe6ed5827d079,False
2026-10-02T07:14:24+00:00,4,7,wp1-cost-run-u04-721db2ba-c375-47ae-8123-ae17b7cffd6c,ok,162,efad034a7e683250,False
2026-10-02T07:14:39+00:00,5,7,wp1-cost-run-u05-c790f20d-7312-4237-b743-5d830e043f12,ok,180,8d39932dfcd4e1e6,False
2026-10-02T07:14:54+00:00,6,7,wp1-cost-run-u06-c102344b-5dd1-4835-8af1-183f07f17da7,ok,155,ddcb383b8506e2b7,False
2026-10-02T07:15:09+00:00,7,7,wp1-cost-run-u07-f1bb5472-6e4c-4d3e-a851-faca2820472b,ok,218,3fc40ab57bd82f6e,False
2026-10-02T07:15:24+00:00,8,7,wp1-cost-run-u08-ab0aaa2c-db44-4e43-9bf3-6c362ca9143f,ok,211,da2738dac49e5a38,False
2026-10-02T07:15:39+00:00,9,7,wp1-cost-run-u09-f7bfc86a-6ee2-4ddf-bd5f-62766183f011,ok,233,6b13c3e6ba54298c,False
2026-10-02T07:15:54+00:00,10,7,wp1-cost-run-u10-d3cd6504-a141-430a-b4f6-060b4a151043,ok,149,2241cb0e8b59a225,False
2026-10-02T07:16:09+00:00,11,7,wp1-cost-run-u11-a8a25018-3a5e-45de-bba3-54793f5bfcbb,ok,209,21aa9fa600ef988f,False
2026-10-02T07:16:24+00:00,12,7,wp1-cost-run-u12-dbd24a4d-7416-411f-af83-c30c5e41941b,ok,223,98f6ca35477e6289,False
2026-10-02T07:16:39+00:00,13,7,wp1-cost-run-u13-13ceabcc-357a-4d7c-b088-16324fd6e878,ok,185,1ad8679cf4a611f3,False
2026-10-02T07:16:54+00:00,14,7,wp1-cost-run-u14-df2b1e9d-4317-48e7-880f-d8d5191f6b7b,ok,206,3ccf2ffac2f37684,False
2026-10-02T07:17:09+00:00,15,7,wp1-cost-run-u15-b947c9e6-b389-4ef4-80b6-7f5b38fd94f8,ok,202,47dcc336fc189632,False
2026-10-02T07:17:24+00:00,16,7,wp1-cost-run-u16-060d8b72-18e1-4888-893e-b2bc3daaabef,ok,276,49ce586124ee0590,False
2026-10-02T07:17:39+00:00,17,7,wp1-cost-run-u17-717bf805-be39-407e-b203-69529a5448fd,ok,190,9e7dc518f0f159d2,False
2026-10-02T07:17:54+00:00,18,7,wp1-cost-run-u18-7730b6fe-7a72-4df0-a4c6-683ec682f8b0,ok,214,b1ca1484f6352218,False
2026-10-02T07:18:09+00:00,19,7,wp1-cost-run-u19-8c45f4fd-0244-4b06-8aeb-617e4b215ee1,ok,234,e6e3372c39f2ba3d,False
2026-10-02T07:18:24+00:00,20,7,wp1-cost-run-u20-7254e685-b14b-4c3c-bcdf-97e709516903,ok,205,f4e0f0296b36a8e5,False
2026-10-02T07:18:39+00:00,1,8,wp1-cost-run-u01-a068e5de-a7c1-4058-bb17-810044698886,ok,262,b206133542026b16,False
2026-10-02T07:18:54+00:00,2,8,wp1-cost-run-u02-3d833f7d-ae57-493e-b6f9-4f7188f70c64,ok,169,6bf3e514313d8ad7,False
2026-10-02T07:19:09+00:00,3,8,wp1-cost-run-u03-056a6eff-fc14-42c8-bae6-590311b06fec,ok,177,f8abe6ed5827d079,False
2026-10-02T07:19:24+00:00,4,8,wp1-cost-run-u04-721db2ba-c375-47ae-8123-ae17b7cffd6c,ok,182,efad034a7e683250,False
2026-10-02T07:19:39+00:00,5,8,wp1-cost-run-u05-c790f20d-7312-4237-b743-5d830e043f12,ok,165,8d39932dfcd4e1e6,False
2026-10-02T07:19:54+00:00,6,8,wp1-cost-run-u06-c102344b-5dd1-4835-8af1-183f07f17da7,ok,190,ddcb383b8506e2b7,False
2026-10-02T07:20:09+00:00,7,8,wp1-cost-run-u07-f1bb5472-6e4c-4d3e-a851-faca2820472b,ok,244,3fc40ab57bd82f6e,False
2026-10-02T07:20:24+00:00,8,8,wp1-cost-run-u08-ab0aaa2c-db44-4e43-9bf3-6c362ca9143f,ok,176,da2738dac49e5a38,False
2026-10-02T07:20:39+00:00,9,8,wp1-cost-run-u09-f7bfc86a-6ee2-4ddf-bd5f-62766183f011,ok,161,6b13c3e6ba54298c,False
2026-10-02T07:20:54+00:00,10,8,wp1-cost-run-u10-d3cd6504-a141-430a-b4f6-060b4a151043,ok,196,2241cb0e8b59a225,False
2026-10-02T07:21:09+00:00,11,8,wp1-cost-run-u11-a8a25018-3a5e-45de-bba3-54793f5bfcbb,ok,177,21aa9fa600ef988f,False
2026-10-02T07:21:24+00:00,12,8,wp1-cost-run-u12-dbd24a4d-7416-411f-af83-c30c5e41941b,ok,223,98f6ca35477e6289,False
2026-10-02T07:21:39+00:00,13,8,wp1-cost-run-u13-13ceabcc-357a-4d7c-b088-16324fd6e878,ok,179,1ad8679cf4a611f3,False
2026-10-02T07:21:54+00:00,14,8,wp1-cost-run-u14-df2b1e9d-4317-48e7-880f-d8d5191f6b7b,ok,200,3ccf2ffac2f37684,False
2026-10-02T07:22:09+00:00,15,8,wp1-cost-run-u15-b947c9e6-b389-4ef4-80b6-7f5b38fd94f8,ok,214,47dcc336fc189632,False
2026-10-02T07:22:24+00:00,16,8,wp1-cost-run-u16-060d8b72-18e1-4888-893e-b2bc3daaabef,ok,181,49ce586124ee0590,False
2026-10-02T07:22:39+00:00,17,8,wp1-cost-run-u17-717bf805-be39-407e-b203-69529a5448fd,ok,1252,9e7dc518f0f159d2,False
2026-10-02T07:22:54+00:00,18,8,wp1-cost-run-u18-7730b6fe-7a72-4df0-a4c6-683ec682f8b0,ok,174,b1ca1484f6352218,False
2026-10-02T07:23:09+00:00,19,8,wp1-cost-run-u19-8c45f4fd-0244-4b06-8aeb-617e4b215ee1,ok,260,e6e3372c39f2ba3d,False
2026-10-02T07:23:24+00:00,20,8,wp1-cost-run-u20-7254e685-b14b-4c3c-bcdf-97e709516903,ok,183,f4e0f0296b36a8e5,False
2026-10-02T07:23:39+00:00,1,9,wp1-cost-run-u01-a068e5de-a7c1-4058-bb17-810044698886,ok,196,b206133542026b16,False
2026-10-02T07:23:54+00:00,2,9,wp1-cost-run-u02-3d833f7d-ae57-493e-b6f9-4f7188f70c64,ok,202,6bf3e514313d8ad7,False
2026-10-02T07:24:09+00:00,3,9,wp1-cost-run-u03-056a6eff-fc14-42c8-bae6-590311b06fec,ok,221,f8abe6ed5827d079,False
2026-10-02T07:24:24+00:00,4,9,wp1-cost-run-u04-721db2ba-c375-47ae-8123-ae17b7cffd6c,ok,757,efad034a7e683250,False
2026-10-02T07:24:39+00:00,5,9,wp1-cost-run-u05-c790f20d-7312-4237-b743-5d830e043f12,ok,296,8d39932dfcd4e1e6,False
2026-10-02T07:24:54+00:00,6,9,wp1-cost-run-u06-c102344b-5dd1-4835-8af1-183f07f17da7,ok,170,ddcb383b8506e2b7,False
2026-10-02T07:25:09+00:00,7,9,wp1-cost-run-u07-f1bb5472-6e4c-4d3e-a851-faca2820472b,ok,193,3fc40ab57bd82f6e,False
2026-10-02T07:25:24+00:00,8,9,wp1-cost-run-u08-ab0aaa2c-db44-4e43-9bf3-6c362ca9143f,ok,228,da2738dac49e5a38,False
2026-10-02T07:25:39+00:00,9,9,wp1-cost-run-u09-f7bfc86a-6ee2-4ddf-bd5f-62766183f011,ok,238,6b13c3e6ba54298c,False
2026-10-02T07:25:54+00:00,10,9,wp1-cost-run-u10-d3cd6504-a141-430a-b4f6-060b4a151043,ok,295,2241cb0e8b59a225,False
2026-10-02T07:26:09+00:00,11,9,wp1-cost-run-u11-a8a25018-3a5e-45de-bba3-54793f5bfcbb,ok,278,21aa9fa600ef988f,False
2026-10-02T07:26:24+00:00,12,9,wp1-cost-run-u12-dbd24a4d-7416-411f-af83-c30c5e41941b,ok,227,98f6ca35477e6289,False
2026-10-02T07:26:39+00:00,13,9,wp1-cost-run-u13-13ceabcc-357a-4d7c-b088-16324fd6e878,ok,211,1ad8679cf4a611f3,False
2026-10-02T07:26:54+00:00,14,9,wp1-cost-run-u14-df2b1e9d-4317-48e7-880f-d8d5191f6b7b,ok,176,3ccf2ffac2f37684,False
2026-10-02T07:27:09+00:00,15,9,wp1-cost-run-u15-b947c9e6-b389-4ef4-80b6-7f5b38fd94f8,ok,261,47dcc336fc189632,False
2026-10-02T07:27:24+00:00,16,9,wp1-cost-run-u16-060d8b72-18e1-4888-893e-b2bc3daaabef,ok,356,49ce586124ee0590,False
2026-10-02T07:27:39+00:00,17,9,wp1-cost-run-u17-717bf805-be39-407e-b203-69529a5448fd,ok,200,9e7dc518f0f159d2,False
2026-10-02T07:27:54+00:00,18,9,wp1-cost-run-u18-7730b6fe-7a72-4df0-a4c6-683ec682f8b0,ok,193,b1ca1484f6352218,False
2026-10-02T07:28:09+00:00,19,9,wp1-cost-run-u19-8c45f4fd-0244-4b06-8aeb-617e4b215ee1,ok,207,e6e3372c39f2ba3d,False
2026-10-02T07:28:24+00:00,20,9,wp1-cost-run-u20-7254e685-b14b-4c3c-bcdf-97e709516903,ok,212,f4e0f0296b36a8e5,False
2026-10-02T07:28:39+00:00,1,10,wp1-cost-run-u01-a068e5de-a7c1-4058-bb17-810044698886,ok,227,b206133542026b16,False
2026-10-02T07:28:54+00:00,2,10,wp1-cost-run-u02-3d833f7d-ae57-493e-b6f9-4f7188f70c64,ok,157,6bf3e514313d8ad7,False
2026-10-02T07:29:09+00:00,3,10,wp1-cost-run-u03-056a6eff-fc14-42c8-bae6-590311b06fec,ok,199,f8abe6ed5827d079,False
2026-10-02T07:29:24+00:00,4,10,wp1-cost-run-u04-721db2ba-c375-47ae-8123-ae17b7cffd6c,ok,209,efad034a7e683250,False
2026-10-02T07:29:39+00:00,5,10,wp1-cost-run-u05-c790f20d-7312-4237-b743-5d830e043f12,ok,183,8d39932dfcd4e1e6,False
2026-10-02T07:29:54+00:00,6,10,wp1-cost-run-u06-c102344b-5dd1-4835-8af1-183f07f17da7,ok,201,ddcb383b8506e2b7,False
2026-10-02T07:30:09+00:00,7,10,wp1-cost-run-u07-f1bb5472-6e4c-4d3e-a851-faca2820472b,ok,166,3fc40ab57bd82f6e,False
2026-10-02T07:30:24+00:00,8,10,wp1-cost-run-u08-ab0aaa2c-db44-4e43-9bf3-6c362ca9143f,ok,261,da2738dac49e5a38,False
2026-10-02T07:30:39+00:00,9,10,wp1-cost-run-u09-f7bfc86a-6ee2-4ddf-bd5f-62766183f011,ok,286,6b13c3e6ba54298c,False
2026-10-02T07:30:54+00:00,10,10,wp1-cost-run-u10-d3cd6504-a141-430a-b4f6-060b4a151043,ok,199,2241cb0e8b59a225,False
2026-10-02T07:31:09+00:00,11,10,wp1-cost-run-u11-a8a25018-3a5e-45de-bba3-54793f5bfcbb,ok,197,21aa9fa600ef988f,False
2026-10-02T07:31:24+00:00,12,10,wp1-cost-run-u12-dbd24a4d-7416-411f-af83-c30c5e41941b,ok,164,98f6ca35477e6289,False
2026-10-02T07:31:39+00:00,13,10,wp1-cost-run-u13-13ceabcc-357a-4d7c-b088-16324fd6e878,ok,237,1ad8679cf4a611f3,False
2026-10-02T07:31:54+00:00,14,10,wp1-cost-run-u14-df2b1e9d-4317-48e7-880f-d8d5191f6b7b,ok,260,3ccf2ffac2f37684,False
2026-10-02T07:32:09+00:00,15,10,wp1-cost-run-u15-b947c9e6-b389-4ef4-80b6-7f5b38fd94f8,ok,196,47dcc336fc189632,False
2026-10-02T07:32:24+00:00,16,10,wp1-cost-run-u16-060d8b72-18e1-4888-893e-b2bc3daaabef,ok,221,49ce586124ee0590,False
2026-10-02T07:32:39+00:00,17,10,wp1-cost-run-u17-717bf805-be39-407e-b203-69529a5448fd,ok,349,9e7dc518f0f159d2,False
2026-10-02T07:32:54+00:00,18,10,wp1-cost-run-u18-7730b6fe-7a72-4df0-a4c6-683ec682f8b0,ok,213,b1ca1484f6352218,False
2026-10-02T07:33:09+00:00,19,10,wp1-cost-run-u19-8c45f4fd-0244-4b06-8aeb-617e4b215ee1,ok,229,e6e3372c39f2ba3d,False
2026-10-02T07:33:24+00:00,20,10,wp1-cost-run-u20-7254e685-b14b-4c3c-bcdf-97e709516903,ok,212,f4e0f0296b36a8e5,False
2026-10-02T07:33:39+00:00,1,11,wp1-cost-run-u01-a068e5de-a7c1-4058-bb17-810044698886,ok,177,b206133542026b16,False
2026-10-02T07:33:54+00:00,2,11,wp1-cost-run-u02-3d833f7d-ae57-493e-b6f9-4f7188f70c64,ok,207,6bf3e514313d8ad7,False
2026-10-02T07:34:09+00:00,3,11,wp1-cost-run-u03-056a6eff-fc14-42c8-bae6-590311b06fec,ok,181,f8abe6ed5827d079,False
2026-10-02T07:34:24+00:00,4,11,wp1-cost-run-u04-721db2ba-c375-47ae-8123-ae17b7cffd6c,ok,207,efad034a7e683250,False
2026-10-02T07:34:39+00:00,5,11,wp1-cost-run-u05-c790f20d-7312-4237-b743-5d830e043f12,ok,195,8d39932dfcd4e1e6,False
2026-10-02T07:34:54+00:00,6,11,wp1-cost-run-u06-c102344b-5dd1-4835-8af1-183f07f17da7,ok,223,ddcb383b8506e2b7,False
2026-10-02T07:35:09+00:00,7,11,wp1-cost-run-u07-f1bb5472-6e4c-4d3e-a851-faca2820472b,ok,191,3fc40ab57bd82f6e,False
2026-10-02T07:35:24+00:00,8,11,wp1-cost-run-u08-ab0aaa2c-db44-4e43-9bf3-6c362ca9143f,ok,215,da2738dac49e5a38,False
2026-10-02T07:35:39+00:00,9,11,wp1-cost-run-u09-f7bfc86a-6ee2-4ddf-bd5f-62766183f011,ok,196,6b13c3e6ba54298c,False
2026-10-02T07:35:54+00:00,10,11,wp1-cost-run-u10-d3cd6504-a141-430a-b4f6-060b4a151043,ok,187,2241cb0e8b59a225,False
2026-10-02T07:36:09+00:00,11,11,wp1-cost-run-u11-a8a25018-3a5e-45de-bba3-54793f5bfcbb,ok,220,21aa9fa600ef988f,False
2026-10-02T07:36:24+00:00,12,11,wp1-cost-run-u12-dbd24a4d-7416-411f-af83-c30c5e41941b,ok,271,98f6ca35477e6289,False
2026-10-02T07:36:39+00:00,13,11,wp1-cost-run-u13-13ceabcc-357a-4d7c-b088-16324fd6e878,ok,180,1ad8679cf4a611f3,False
2026-10-02T07:36:54+00:00,14,11,wp1-cost-run-u14-df2b1e9d-4317-48e7-880f-d8d5191f6b7b,ok,215,3ccf2ffac2f37684,False
2026-10-02T07:37:09+00:00,15,11,wp1-cost-run-u15-b947c9e6-b389-4ef4-80b6-7f5b38fd94f8,ok,186,47dcc336fc189632,False
2026-10-02T07:37:24+00:00,16,11,wp1-cost-run-u16-060d8b72-18e1-4888-893e-b2bc3daaabef,ok,1187,49ce586124ee0590,False
2026-10-02T07:37:39+00:00,17,11,wp1-cost-run-u17-717bf805-be39-407e-b203-69529a5448fd,ok,243,9e7dc518f0f159d2,False
2026-10-02T07:37:54+00:00,18,11,wp1-cost-run-u18-7730b6fe-7a72-4df0-a4c6-683ec682f8b0,ok,211,b1ca1484f6352218,False
2026-10-02T07:38:09+00:00,19,11,wp1-cost-run-u19-8c45f4fd-0244-4b06-8aeb-617e4b215ee1,ok,193,e6e3372c39f2ba3d,False
2026-10-02T07:38:24+00:00,20,11,wp1-cost-run-u20-7254e685-b14b-4c3c-bcdf-97e709516903,ok,179,f4e0f0296b36a8e5,False
2026-10-02T07:38:39+00:00,1,12,wp1-cost-run-u01-a068e5de-a7c1-4058-bb17-810044698886,ok,160,b206133542026b16,False
2026-10-02T07:38:54+00:00,2,12,wp1-cost-run-u02-3d833f7d-ae57-493e-b6f9-4f7188f70c64,ok,220,6bf3e514313d8ad7,False
2026-10-02T07:39:09+00:00,3,12,wp1-cost-run-u03-056a6eff-fc14-42c8-bae6-590311b06fec,ok,283,f8abe6ed5827d079,False
2026-10-02T07:39:24+00:00,4,12,wp1-cost-run-u04-721db2ba-c375-47ae-8123-ae17b7cffd6c,ok,181,efad034a7e683250,False
2026-10-02T07:39:39+00:00,5,12,wp1-cost-run-u05-c790f20d-7312-4237-b743-5d830e043f12,ok,398,8d39932dfcd4e1e6,False
2026-10-02T07:39:54+00:00,6,12,wp1-cost-run-u06-c102344b-5dd1-4835-8af1-183f07f17da7,ok,184,ddcb383b8506e2b7,False
2026-10-02T07:40:09+00:00,7,12,wp1-cost-run-u07-f1bb5472-6e4c-4d3e-a851-faca2820472b,ok,278,3fc40ab57bd82f6e,False
2026-10-02T07:40:24+00:00,8,12,wp1-cost-run-u08-ab0aaa2c-db44-4e43-9bf3-6c362ca9143f,ok,256,da2738dac49e5a38,False
2026-10-02T07:40:39+00:00,9,12,wp1-cost-run-u09-f7bfc86a-6ee2-4ddf-bd5f-62766183f011,ok,499,6b13c3e6ba54298c,False
2026-10-02T07:40:54+00:00,10,12,wp1-cost-run-u10-d3cd6504-a141-430a-b4f6-060b4a151043,ok,182,2241cb0e8b59a225,False
2026-10-02T07:41:09+00:00,11,12,wp1-cost-run-u11-a8a25018-3a5e-45de-bba3-54793f5bfcbb,ok,211,21aa9fa600ef988f,False
2026-10-02T07:41:24+00:00,12,12,wp1-cost-run-u12-dbd24a4d-7416-411f-af83-c30c5e41941b,ok,174,98f6ca35477e6289,False
2026-10-02T07:41:39+00:00,13,12,wp1-cost-run-u13-13ceabcc-357a-4d7c-b088-16324fd6e878,ok,178,1ad8679cf4a611f3,False
2026-10-02T07:41:54+00:00,14,12,wp1-cost-run-u14-df2b1e9d-4317-48e7-880f-d8d5191f6b7b,ok,208,3ccf2ffac2f37684,False
2026-10-02T07:42:09+00:00,15,12,wp1-cost-run-u15-b947c9e6-b389-4ef4-80b6-7f5b38fd94f8,ok,161,47dcc336fc189632,False
2026-10-02T07:42:24+00:00,16,12,wp1-cost-run-u16-060d8b72-18e1-4888-893e-b2bc3daaabef,ok,189,49ce586124ee0590,False
2026-10-02T07:42:39+00:00,17,12,wp1-cost-run-u17-717bf805-be39-407e-b203-69529a5448fd,ok,267,9e7dc518f0f159d2,False
2026-10-02T07:42:54+00:00,18,12,wp1-cost-run-u18-7730b6fe-7a72-4df0-a4c6-683ec682f8b0,ok,198,b1ca1484f6352218,False
2026-10-02T07:43:09+00:00,19,12,wp1-cost-run-u19-8c45f4fd-0244-4b06-8aeb-617e4b215ee1,ok,236,e6e3372c39f2ba3d,False
2026-10-02T07:43:24+00:00,20,12,wp1-cost-run-u20-7254e685-b14b-4c3c-bcdf-97e709516903,ok,324,f4e0f0296b36a8e5,False
2026-10-02T07:43:39+00:00,1,13,wp1-cost-run-u01-a068e5de-a7c1-4058-bb17-810044698886,ok,500,b206133542026b16,False
2026-10-02T07:43:54+00:00,2,13,wp1-cost-run-u02-3d833f7d-ae57-493e-b6f9-4f7188f70c64,ok,330,6bf3e514313d8ad7,False
2026-10-02T07:44:09+00:00,3,13,wp1-cost-run-u03-056a6eff-fc14-42c8-bae6-590311b06fec,ok,905,f8abe6ed5827d079,False
2026-10-02T07:44:24+00:00,4,13,wp1-cost-run-u04-721db2ba-c375-47ae-8123-ae17b7cffd6c,ok,201,efad034a7e683250,False
2026-10-02T07:44:39+00:00,5,13,wp1-cost-run-u05-c790f20d-7312-4237-b743-5d830e043f12,ok,266,8d39932dfcd4e1e6,False
2026-10-02T07:44:54+00:00,6,13,wp1-cost-run-u06-c102344b-5dd1-4835-8af1-183f07f17da7,ok,221,ddcb383b8506e2b7,False
2026-10-02T07:45:09+00:00,7,13,wp1-cost-run-u07-f1bb5472-6e4c-4d3e-a851-faca2820472b,ok,202,3fc40ab57bd82f6e,False
2026-10-02T07:45:24+00:00,8,13,wp1-cost-run-u08-ab0aaa2c-db44-4e43-9bf3-6c362ca9143f,ok,262,da2738dac49e5a38,False
2026-10-02T07:45:39+00:00,9,13,wp1-cost-run-u09-f7bfc86a-6ee2-4ddf-bd5f-62766183f011,ok,232,6b13c3e6ba54298c,False
2026-10-02T07:45:54+00:00,10,13,wp1-cost-run-u10-d3cd6504-a141-430a-b4f6-060b4a151043,ok,208,2241cb0e8b59a225,False
2026-10-02T07:46:09+00:00,11,13,wp1-cost-run-u11-a8a25018-3a5e-45de-bba3-54793f5bfcbb,ok,200,21aa9fa600ef988f,False
2026-10-02T07:46:24+00:00,12,13,wp1-cost-run-u12-dbd24a4d-7416-411f-af83-c30c5e41941b,ok,181,98f6ca35477e6289,False
2026-10-02T07:46:39+00:00,13,13,wp1-cost-run-u13-13ceabcc-357a-4d7c-b088-16324fd6e878,ok,217,1ad8679cf4a611f3,False
2026-10-02T07:46:54+00:00,14,13,wp1-cost-run-u14-df2b1e9d-4317-48e7-880f-d8d5191f6b7b,ok,214,3ccf2ffac2f37684,False
2026-10-02T07:47:09+00:00,15,13,wp1-cost-run-u15-b947c9e6-b389-4ef4-80b6-7f5b38fd94f8,ok,203,47dcc336fc189632,False
2026-10-02T07:47:24+00:00,16,13,wp1-cost-run-u16-060d8b72-18e1-4888-893e-b2bc3daaabef,ok,178,49ce586124ee0590,False
2026-10-02T07:47:39+00:00,17,13,wp1-cost-run-u17-717bf805-be39-407e-b203-69529a5448fd,ok,195,9e7dc518f0f159d2,False
2026-10-02T07:47:54+00:00,18,13,wp1-cost-run-u18-7730b6fe-7a72-4df0-a4c6-683ec682f8b0,ok,235,b1ca1484f6352218,False
2026-10-02T07:48:09+00:00,19,13,wp1-cost-run-u19-8c45f4fd-0244-4b06-8aeb-617e4b215ee1,ok,201,e6e3372c39f2ba3d,False
2026-10-02T07:48:24+00:00,20,13,wp1-cost-run-u20-7254e685-b14b-4c3c-bcdf-97e709516903,ok,280,f4e0f0296b36a8e5,False
2026-10-02T07:48:39+00:00,1,14,wp1-cost-run-u01-a068e5de-a7c1-4058-bb17-810044698886,ok,275,b206133542026b16,False
2026-10-02T07:48:54+00:00,2,14,wp1-cost-run-u02-3d833f7d-ae57-493e-b6f9-4f7188f70c64,ok,183,6bf3e514313d8ad7,False
2026-10-02T07:49:09+00:00,3,14,wp1-cost-run-u03-056a6eff-fc14-42c8-bae6-590311b06fec,ok,238,f8abe6ed5827d079,False
2026-10-02T07:49:24+00:00,4,14,wp1-cost-run-u04-721db2ba-c375-47ae-8123-ae17b7cffd6c,ok,177,efad034a7e683250,False
2026-10-02T07:49:39+00:00,5,14,wp1-cost-run-u05-c790f20d-7312-4237-b743-5d830e043f12,ok,210,8d39932dfcd4e1e6,False
2026-10-02T07:49:54+00:00,6,14,wp1-cost-run-u06-c102344b-5dd1-4835-8af1-183f07f17da7,ok,249,ddcb383b8506e2b7,False
2026-10-02T07:50:09+00:00,7,14,wp1-cost-run-u07-f1bb5472-6e4c-4d3e-a851-faca2820472b,ok,181,3fc40ab57bd82f6e,False
2026-10-02T07:50:24+00:00,8,14,wp1-cost-run-u08-ab0aaa2c-db44-4e43-9bf3-6c362ca9143f,ok,183,da2738dac49e5a38,False
2026-10-02T07:50:39+00:00,9,14,wp1-cost-run-u09-f7bfc86a-6ee2-4ddf-bd5f-62766183f011,ok,221,6b13c3e6ba54298c,False
2026-10-02T07:50:54+00:00,10,14,wp1-cost-run-u10-d3cd6504-a141-430a-b4f6-060b4a151043,ok,156,2241cb0e8b59a225,False
2026-10-02T07:51:09+00:00,11,14,wp1-cost-run-u11-a8a25018-3a5e-45de-bba3-54793f5bfcbb,ok,233,21aa9fa600ef988f,False
2026-10-02T07:51:24+00:00,12,14,wp1-cost-run-u12-dbd24a4d-7416-411f-af83-c30c5e41941b,ok,182,98f6ca35477e6289,False
2026-10-02T07:51:39+00:00,13,14,wp1-cost-run-u13-13ceabcc-357a-4d7c-b088-16324fd6e878,ok,205,1ad8679cf4a611f3,False
2026-10-02T07:51:54+00:00,14,14,wp1-cost-run-u14-df2b1e9d-4317-48e7-880f-d8d5191f6b7b,ok,327,3ccf2ffac2f37684,False
2026-10-02T07:52:09+00:00,15,14,wp1-cost-run-u15-b947c9e6-b389-4ef4-80b6-7f5b38fd94f8,ok,185,47dcc336fc189632,False
2026-10-02T07:52:24+00:00,16,14,wp1-cost-run-u16-060d8b72-18e1-4888-893e-b2bc3daaabef,ok,210,49ce586124ee0590,False
2026-10-02T07:52:39+00:00,17,14,wp1-cost-run-u17-717bf805-be39-407e-b203-69529a5448fd,ok,200,9e7dc518f0f159d2,False
2026-10-02T07:52:54+00:00,18,14,wp1-cost-run-u18-7730b6fe-7a72-4df0-a4c6-683ec682f8b0,ok,266,b1ca1484f6352218,False
2026-10-02T07:53:09+00:00,19,14,wp1-cost-run-u19-8c45f4fd-0244-4b06-8aeb-617e4b215ee1,ok,298,e6e3372c39f2ba3d,False
2026-10-02T07:53:24+00:00,20,14,wp1-cost-run-u20-7254e685-b14b-4c3c-bcdf-97e709516903,ok,213,f4e0f0296b36a8e5,False
2026-10-02T07:53:39+00:00,1,15,wp1-cost-run-u01-a068e5de-a7c1-4058-bb17-810044698886,ok,208,b206133542026b16,False
2026-10-02T07:53:54+00:00,2,15,wp1-cost-run-u02-3d833f7d-ae57-493e-b6f9-4f7188f70c64,ok,240,6bf3e514313d8ad7,False
2026-10-02T07:54:09+00:00,3,15,wp1-cost-run-u03-056a6eff-fc14-42c8-bae6-590311b06fec,ok,178,f8abe6ed5827d079,False
2026-10-02T07:54:24+00:00,4,15,wp1-cost-run-u04-721db2ba-c375-47ae-8123-ae17b7cffd6c,ok,234,efad034a7e683250,False
2026-10-02T07:54:39+00:00,5,15,wp1-cost-run-u05-c790f20d-7312-4237-b743-5d830e043f12,ok,216,8d39932dfcd4e1e6,False
2026-10-02T07:54:54+00:00,6,15,wp1-cost-run-u06-c102344b-5dd1-4835-8af1-183f07f17da7,ok,235,ddcb383b8506e2b7,False
2026-10-02T07:55:09+00:00,7,15,wp1-cost-run-u07-f1bb5472-6e4c-4d3e-a851-faca2820472b,ok,209,3fc40ab57bd82f6e,False
2026-10-02T07:55:24+00:00,8,15,wp1-cost-run-u08-ab0aaa2c-db44-4e43-9bf3-6c362ca9143f,ok,173,da2738dac49e5a38,False
2026-10-02T07:55:39+00:00,9,15,wp1-cost-run-u09-f7bfc86a-6ee2-4ddf-bd5f-62766183f011,ok,228,6b13c3e6ba54298c,False
2026-10-02T07:55:54+00:00,10,15,wp1-cost-run-u10-d3cd6504-a141-430a-b4f6-060b4a151043,ok,212,2241cb0e8b59a225,False
2026-10-02T07:56:09+00:00,11,15,wp1-cost-run-u11-a8a25018-3a5e-45de-bba3-54793f5bfcbb,ok,213,21aa9fa600ef988f,False
2026-10-02T07:56:24+00:00,12,15,wp1-cost-run-u12-dbd24a4d-7416-411f-af83-c30c5e41941b,ok,314,98f6ca35477e6289,False
2026-10-02T07:56:39+00:00,13,15,wp1-cost-run-u13-13ceabcc-357a-4d7c-b088-16324fd6e878,ok,197,1ad8679cf4a611f3,False
2026-10-02T07:56:54+00:00,14,15,wp1-cost-run-u14-df2b1e9d-4317-48e7-880f-d8d5191f6b7b,ok,258,3ccf2ffac2f37684,False
2026-10-02T07:57:09+00:00,15,15,wp1-cost-run-u15-b947c9e6-b389-4ef4-80b6-7f5b38fd94f8,ok,214,47dcc336fc189632,False
2026-10-02T07:57:24+00:00,16,15,wp1-cost-run-u16-060d8b72-18e1-4888-893e-b2bc3daaabef,ok,314,49ce586124ee0590,False
2026-10-02T07:57:39+00:00,17,15,wp1-cost-run-u17-717bf805-be39-407e-b203-69529a5448fd,ok,296,9e7dc518f0f159d2,False
2026-10-02T07:57:54+00:00,18,15,wp1-cost-run-u18-7730b6fe-7a72-4df0-a4c6-683ec682f8b0,ok,189,b1ca1484f6352218,False
2026-10-02T07:58:09+00:00,19,15,wp1-cost-run-u19-8c45f4fd-0244-4b06-8aeb-617e4b215ee1,ok,215,e6e3372c39f2ba3d,False
2026-10-02T07:58:24+00:00,20,15,wp1-cost-run-u20-7254e685-b14b-4c3c-bcdf-97e709516903,ok,171,f4e0f0296b36a8e5,False
2026-10-02T07:58:39+00:00,1,16,wp1-cost-run-u01-a068e5de-a7c1-4058-bb17-810044698886,ok,248,b206133542026b16,False
2026-10-02T07:58:54+00:00,2,16,wp1-cost-run-u02-3d833f7d-ae57-493e-b6f9-4f7188f70c64,ok,280,6bf3e514313d8ad7,False
2026-10-02T07:59:09+00:00,3,16,wp1-cost-run-u03-056a6eff-fc14-42c8-bae6-590311b06fec,ok,501,f8abe6ed5827d079,False
2026-10-02T07:59:24+00:00,4,16,wp1-cost-run-u04-721db2ba-c375-47ae-8123-ae17b7cffd6c,ok,181,efad034a7e683250,False
2026-10-02T07:59:39+00:00,5,16,wp1-cost-run-u05-c790f20d-7312-4237-b743-5d830e043f12,ok,250,8d39932dfcd4e1e6,False
2026-10-02T07:59:54+00:00,6,16,wp1-cost-run-u06-c102344b-5dd1-4835-8af1-183f07f17da7,ok,240,ddcb383b8506e2b7,False
2026-10-02T08:00:09+00:00,7,16,wp1-cost-run-u07-f1bb5472-6e4c-4d3e-a851-faca2820472b,ok,240,3fc40ab57bd82f6e,False
2026-10-02T08:00:24+00:00,8,16,wp1-cost-run-u08-ab0aaa2c-db44-4e43-9bf3-6c362ca9143f,ok,190,da2738dac49e5a38,False
2026-10-02T08:00:39+00:00,9,16,wp1-cost-run-u09-f7bfc86a-6ee2-4ddf-bd5f-62766183f011,ok,189,6b13c3e6ba54298c,False
2026-10-02T08:00:54+00:00,10,16,wp1-cost-run-u10-d3cd6504-a141-430a-b4f6-060b4a151043,ok,219,2241cb0e8b59a225,False
2026-10-02T08:01:09+00:00,11,16,wp1-cost-run-u11-a8a25018-3a5e-45de-bba3-54793f5bfcbb,ok,234,21aa9fa600ef988f,False
2026-10-02T08:01:24+00:00,12,16,wp1-cost-run-u12-dbd24a4d-7416-411f-af83-c30c5e41941b,ok,193,98f6ca35477e6289,False
2026-10-02T08:01:39+00:00,13,16,wp1-cost-run-u13-13ceabcc-357a-4d7c-b088-16324fd6e878,ok,205,1ad8679cf4a611f3,False
2026-10-02T08:01:54+00:00,14,16,wp1-cost-run-u14-df2b1e9d-4317-48e7-880f-d8d5191f6b7b,ok,194,3ccf2ffac2f37684,False
2026-10-02T08:02:09+00:00,15,16,wp1-cost-run-u15-b947c9e6-b389-4ef4-80b6-7f5b38fd94f8,ok,238,47dcc336fc189632,False
2026-10-02T08:02:24+00:00,16,16,wp1-cost-run-u16-060d8b72-18e1-4888-893e-b2bc3daaabef,ok,188,49ce586124ee0590,False
2026-10-02T08:02:39+00:00,17,16,wp1-cost-run-u17-717bf805-be39-407e-b203-69529a5448fd,ok,194,9e7dc518f0f159d2,False
2026-10-02T08:02:54+00:00,18,16,wp1-cost-run-u18-7730b6fe-7a72-4df0-a4c6-683ec682f8b0,ok,233,b1ca1484f6352218,False
2026-10-02T08:03:09+00:00,19,16,wp1-cost-run-u19-8c45f4fd-0244-4b06-8aeb-617e4b215ee1,ok,219,e6e3372c39f2ba3d,False
2026-10-02T08:03:24+00:00,20,16,wp1-cost-run-u20-7254e685-b14b-4c3c-bcdf-97e709516903,ok,191,f4e0f0296b36a8e5,False
2026-10-02T08:03:39+00:00,1,17,wp1-cost-run-u01-a068e5de-a7c1-4058-bb17-810044698886,ok,209,b206133542026b16,False
2026-10-02T08:03:54+00:00,2,17,wp1-cost-run-u02-3d833f7d-ae57-493e-b6f9-4f7188f70c64,ok,230,6bf3e514313d8ad7,False
2026-10-02T08:04:09+00:00,3,17,wp1-cost-run-u03-056a6eff-fc14-42c8-bae6-590311b06fec,ok,213,f8abe6ed5827d079,False
2026-10-02T08:04:24+00:00,4,17,wp1-cost-run-u04-721db2ba-c375-47ae-8123-ae17b7cffd6c,ok,249,efad034a7e683250,False
2026-10-02T08:04:39+00:00,5,17,wp1-cost-run-u05-c790f20d-7312-4237-b743-5d830e043f12,ok,255,8d39932dfcd4e1e6,False
2026-10-02T08:04:54+00:00,6,17,wp1-cost-run-u06-c102344b-5dd1-4835-8af1-183f07f17da7,ok,252,ddcb383b8506e2b7,False
2026-10-02T08:05:09+00:00,7,17,wp1-cost-run-u07-f1bb5472-6e4c-4d3e-a851-faca2820472b,ok,197,3fc40ab57bd82f6e,False
2026-10-02T08:05:24+00:00,8,17,wp1-cost-run-u08-ab0aaa2c-db44-4e43-9bf3-6c362ca9143f,ok,181,da2738dac49e5a38,False
2026-10-02T08:05:39+00:00,9,17,wp1-cost-run-u09-f7bfc86a-6ee2-4ddf-bd5f-62766183f011,ok,184,6b13c3e6ba54298c,False
2026-10-02T08:05:54+00:00,10,17,wp1-cost-run-u10-d3cd6504-a141-430a-b4f6-060b4a151043,ok,215,2241cb0e8b59a225,False
2026-10-02T08:06:09+00:00,11,17,wp1-cost-run-u11-a8a25018-3a5e-45de-bba3-54793f5bfcbb,ok,203,21aa9fa600ef988f,False
2026-10-02T08:06:24+00:00,12,17,wp1-cost-run-u12-dbd24a4d-7416-411f-af83-c30c5e41941b,ok,200,98f6ca35477e6289,False
2026-10-02T08:06:39+00:00,13,17,wp1-cost-run-u13-13ceabcc-357a-4d7c-b088-16324fd6e878,ok,307,1ad8679cf4a611f3,False
2026-10-02T08:06:54+00:00,14,17,wp1-cost-run-u14-df2b1e9d-4317-48e7-880f-d8d5191f6b7b,ok,192,3ccf2ffac2f37684,False
2026-10-02T08:07:09+00:00,15,17,wp1-cost-run-u15-b947c9e6-b389-4ef4-80b6-7f5b38fd94f8,ok,202,47dcc336fc189632,False
2026-10-02T08:07:24+00:00,16,17,wp1-cost-run-u16-060d8b72-18e1-4888-893e-b2bc3daaabef,ok,196,49ce586124ee0590,False
2026-10-02T08:07:39+00:00,17,17,wp1-cost-run-u17-717bf805-be39-407e-b203-69529a5448fd,ok,9290,9e7dc518f0f159d2,False
2026-10-02T08:07:54+00:00,18,17,wp1-cost-run-u18-7730b6fe-7a72-4df0-a4c6-683ec682f8b0,ok,333,b1ca1484f6352218,False
2026-10-02T08:08:09+00:00,19,17,wp1-cost-run-u19-8c45f4fd-0244-4b06-8aeb-617e4b215ee1,ok,196,e6e3372c39f2ba3d,False
2026-10-02T08:08:24+00:00,20,17,wp1-cost-run-u20-7254e685-b14b-4c3c-bcdf-97e709516903,ok,228,f4e0f0296b36a8e5,False
2026-10-02T08:08:39+00:00,1,18,wp1-cost-run-u01-a068e5de-a7c1-4058-bb17-810044698886,ok,201,b206133542026b16,False
2026-10-02T08:08:54+00:00,2,18,wp1-cost-run-u02-3d833f7d-ae57-493e-b6f9-4f7188f70c64,ok,232,6bf3e514313d8ad7,False
2026-10-02T08:09:09+00:00,3,18,wp1-cost-run-u03-056a6eff-fc14-42c8-bae6-590311b06fec,ok,254,f8abe6ed5827d079,False
2026-10-02T08:09:24+00:00,4,18,wp1-cost-run-u04-721db2ba-c375-47ae-8123-ae17b7cffd6c,ok,203,efad034a7e683250,False
2026-10-02T08:09:39+00:00,5,18,wp1-cost-run-u05-c790f20d-7312-4237-b743-5d830e043f12,ok,224,8d39932dfcd4e1e6,False
2026-10-02T08:09:54+00:00,6,18,wp1-cost-run-u06-c102344b-5dd1-4835-8af1-183f07f17da7,ok,212,ddcb383b8506e2b7,False
2026-10-02T08:10:09+00:00,7,18,wp1-cost-run-u07-f1bb5472-6e4c-4d3e-a851-faca2820472b,ok,205,3fc40ab57bd82f6e,False
2026-10-02T08:10:24+00:00,8,18,wp1-cost-run-u08-ab0aaa2c-db44-4e43-9bf3-6c362ca9143f,ok,227,da2738dac49e5a38,False
2026-10-02T08:10:39+00:00,9,18,wp1-cost-run-u09-f7bfc86a-6ee2-4ddf-bd5f-62766183f011,ok,182,6b13c3e6ba54298c,False
2026-10-02T08:10:54+00:00,10,18,wp1-cost-run-u10-d3cd6504-a141-430a-b4f6-060b4a151043,ok,298,2241cb0e8b59a225,False
2026-10-02T08:11:09+00:00,11,18,wp1-cost-run-u11-a8a25018-3a5e-45de-bba3-54793f5bfcbb,ok,322,21aa9fa600ef988f,False
2026-10-02T08:11:24+00:00,12,18,wp1-cost-run-u12-dbd24a4d-7416-411f-af83-c30c5e41941b,ok,530,98f6ca35477e6289,False
2026-10-02T08:11:39+00:00,13,18,wp1-cost-run-u13-13ceabcc-357a-4d7c-b088-16324fd6e878,ok,235,1ad8679cf4a611f3,False
2026-10-02T08:11:54+00:00,14,18,wp1-cost-run-u14-df2b1e9d-4317-48e7-880f-d8d5191f6b7b,ok,224,3ccf2ffac2f37684,False
2026-10-02T08:12:09+00:00,15,18,wp1-cost-run-u15-b947c9e6-b389-4ef4-80b6-7f5b38fd94f8,ok,238,47dcc336fc189632,False
2026-10-02T08:12:24+00:00,16,18,wp1-cost-run-u16-060d8b72-18e1-4888-893e-b2bc3daaabef,ok,277,49ce586124ee0590,False
2026-10-02T08:12:39+00:00,17,18,wp1-cost-run-u17-717bf805-be39-407e-b203-69529a5448fd,ok,204,9e7dc518f0f159d2,False
2026-10-02T08:12:54+00:00,18,18,wp1-cost-run-u18-7730b6fe-7a72-4df0-a4c6-683ec682f8b0,ok,273,b1ca1484f6352218,False
2026-10-02T08:13:09+00:00,19,18,wp1-cost-run-u19-8c45f4fd-0244-4b06-8aeb-617e4b215ee1,ok,214,e6e3372c39f2ba3d,False
2026-10-02T08:13:24+00:00,20,18,wp1-cost-run-u20-7254e685-b14b-4c3c-bcdf-97e709516903,ok,249,f4e0f0296b36a8e5,False
2026-10-02T08:13:39+00:00,1,19,wp1-cost-run-u01-a068e5de-a7c1-4058-bb17-810044698886,ok,259,b206133542026b16,False
2026-10-02T08:13:54+00:00,2,19,wp1-cost-run-u02-3d833f7d-ae57-493e-b6f9-4f7188f70c64,ok,208,6bf3e514313d8ad7,False
2026-10-02T08:14:09+00:00,3,19,wp1-cost-run-u03-056a6eff-fc14-42c8-bae6-590311b06fec,ok,201,f8abe6ed5827d079,False
2026-10-02T08:14:24+00:00,4,19,wp1-cost-run-u04-721db2ba-c375-47ae-8123-ae17b7cffd6c,ok,175,efad034a7e683250,False
2026-10-02T08:14:39+00:00,5,19,wp1-cost-run-u05-c790f20d-7312-4237-b743-5d830e043f12,ok,183,8d39932dfcd4e1e6,False
2026-10-02T08:14:54+00:00,6,19,wp1-cost-run-u06-c102344b-5dd1-4835-8af1-183f07f17da7,ok,240,ddcb383b8506e2b7,False
2026-10-02T08:15:09+00:00,7,19,wp1-cost-run-u07-f1bb5472-6e4c-4d3e-a851-faca2820472b,ok,214,3fc40ab57bd82f6e,False
2026-10-02T08:15:24+00:00,8,19,wp1-cost-run-u08-ab0aaa2c-db44-4e43-9bf3-6c362ca9143f,ok,251,da2738dac49e5a38,False
2026-10-02T08:15:39+00:00,9,19,wp1-cost-run-u09-f7bfc86a-6ee2-4ddf-bd5f-62766183f011,ok,213,6b13c3e6ba54298c,False
2026-10-02T08:15:54+00:00,10,19,wp1-cost-run-u10-d3cd6504-a141-430a-b4f6-060b4a151043,ok,205,2241cb0e8b59a225,False
2026-10-02T08:16:09+00:00,11,19,wp1-cost-run-u11-a8a25018-3a5e-45de-bba3-54793f5bfcbb,ok,202,21aa9fa600ef988f,False
2026-10-02T08:16:24+00:00,12,19,wp1-cost-run-u12-dbd24a4d-7416-411f-af83-c30c5e41941b,ok,194,98f6ca35477e6289,False
2026-10-02T08:16:39+00:00,13,19,wp1-cost-run-u13-13ceabcc-357a-4d7c-b088-16324fd6e878,ok,301,1ad8679cf4a611f3,False
2026-10-02T08:16:54+00:00,14,19,wp1-cost-run-u14-df2b1e9d-4317-48e7-880f-d8d5191f6b7b,ok,290,3ccf2ffac2f37684,False
2026-10-02T08:17:09+00:00,15,19,wp1-cost-run-u15-b947c9e6-b389-4ef4-80b6-7f5b38fd94f8,ok,216,47dcc336fc189632,False
2026-10-02T08:17:24+00:00,16,19,wp1-cost-run-u16-060d8b72-18e1-4888-893e-b2bc3daaabef,ok,220,49ce586124ee0590,False
2026-10-02T08:17:39+00:00,17,19,wp1-cost-run-u17-717bf805-be39-407e-b203-69529a5448fd,ok,212,9e7dc518f0f159d2,False
2026-10-02T08:17:54+00:00,18,19,wp1-cost-run-u18-7730b6fe-7a72-4df0-a4c6-683ec682f8b0,ok,261,b1ca1484f6352218,False
2026-10-02T08:18:09+00:00,19,19,wp1-cost-run-u19-8c45f4fd-0244-4b06-8aeb-617e4b215ee1,ok,265,e6e3372c39f2ba3d,False
2026-10-02T08:18:24+00:00,20,19,wp1-cost-run-u20-7254e685-b14b-4c3c-bcdf-97e709516903,ok,200,f4e0f0296b36a8e5,False
2026-10-02T08:18:39+00:00,1,20,wp1-cost-run-u01-a068e5de-a7c1-4058-bb17-810044698886,ok,173,b206133542026b16,False
2026-10-02T08:18:54+00:00,2,20,wp1-cost-run-u02-3d833f7d-ae57-493e-b6f9-4f7188f70c64,ok,182,6bf3e514313d8ad7,False
2026-10-02T08:19:09+00:00,3,20,wp1-cost-run-u03-056a6eff-fc14-42c8-bae6-590311b06fec,ok,241,f8abe6ed5827d079,False
2026-10-02T08:19:24+00:00,4,20,wp1-cost-run-u04-721db2ba-c375-47ae-8123-ae17b7cffd6c,ok,234,efad034a7e683250,False
2026-10-02T08:19:39+00:00,5,20,wp1-cost-run-u05-c790f20d-7312-4237-b743-5d830e043f12,ok,248,8d39932dfcd4e1e6,False
2026-10-02T08:19:54+00:00,6,20,wp1-cost-run-u06-c102344b-5dd1-4835-8af1-183f07f17da7,ok,215,ddcb383b8506e2b7,False
2026-10-02T08:20:09+00:00,7,20,wp1-cost-run-u07-f1bb5472-6e4c-4d3e-a851-faca2820472b,ok,216,3fc40ab57bd82f6e,False
2026-10-02T08:20:24+00:00,8,20,wp1-cost-run-u08-ab0aaa2c-db44-4e43-9bf3-6c362ca9143f,ok,206,da2738dac49e5a38,False
2026-10-02T08:20:39+00:00,9,20,wp1-cost-run-u09-f7bfc86a-6ee2-4ddf-bd5f-62766183f011,ok,208,6b13c3e6ba54298c,False
2026-10-02T08:20:54+00:00,10,20,wp1-cost-run-u10-d3cd6504-a141-430a-b4f6-060b4a151043,ok,180,2241cb0e8b59a225,False
2026-10-02T08:21:09+00:00,11,20,wp1-cost-run-u11-a8a25018-3a5e-45de-bba3-54793f5bfcbb,ok,286,21aa9fa600ef988f,False
2026-10-02T08:21:24+00:00,12,20,wp1-cost-run-u12-dbd24a4d-7416-411f-af83-c30c5e41941b,ok,189,98f6ca35477e6289,False
2026-10-02T08:21:39+00:00,13,20,wp1-cost-run-u13-13ceabcc-357a-4d7c-b088-16324fd6e878,ok,222,1ad8679cf4a611f3,False
2026-10-02T08:21:54+00:00,14,20,wp1-cost-run-u14-df2b1e9d-4317-48e7-880f-d8d5191f6b7b,ok,175,3ccf2ffac2f37684,False
2026-10-02T08:22:09+00:00,15,20,wp1-cost-run-u15-b947c9e6-b389-4ef4-80b6-7f5b38fd94f8,ok,213,47dcc336fc189632,False
2026-10-02T08:22:24+00:00,16,20,wp1-cost-run-u16-060d8b72-18e1-4888-893e-b2bc3daaabef,ok,239,49ce586124ee0590,False
2026-10-02T08:22:39+00:00,17,20,wp1-cost-run-u17-717bf805-be39-407e-b203-69529a5448fd,ok,265,9e7dc518f0f159d2,False
2026-10-02T08:22:54+00:00,18,20,wp1-cost-run-u18-7730b6fe-7a72-4df0-a4c6-683ec682f8b0,ok,219,b1ca1484f6352218,False
2026-10-02T08:23:09+00:00,19,20,wp1-cost-run-u19-8c45f4fd-0244-4b06-8aeb-617e4b215ee1,ok,204,e6e3372c39f2ba3d,False
2026-10-02T08:23:24+00:00,20,20,wp1-cost-run-u20-7254e685-b14b-4c3c-bcdf-97e709516903,ok,222,f4e0f0296b36a8e5,False
2026-10-02T08:23:39+00:00,1,21,wp1-cost-run-u01-a068e5de-a7c1-4058-bb17-810044698886,ok,234,b206133542026b16,False
2026-10-02T08:23:54+00:00,2,21,wp1-cost-run-u02-3d833f7d-ae57-493e-b6f9-4f7188f70c64,ok,231,6bf3e514313d8ad7,False
2026-10-02T08:24:09+00:00,3,21,wp1-cost-run-u03-056a6eff-fc14-42c8-bae6-590311b06fec,ok,180,f8abe6ed5827d079,False
2026-10-02T08:24:24+00:00,4,21,wp1-cost-run-u04-721db2ba-c375-47ae-8123-ae17b7cffd6c,ok,169,efad034a7e683250,False
2026-10-02T08:24:39+00:00,5,21,wp1-cost-run-u05-c790f20d-7312-4237-b743-5d830e043f12,ok,180,8d39932dfcd4e1e6,False
2026-10-02T08:24:54+00:00,6,21,wp1-cost-run-u06-c102344b-5dd1-4835-8af1-183f07f17da7,ok,229,ddcb383b8506e2b7,False
2026-10-02T08:25:09+00:00,7,21,wp1-cost-run-u07-f1bb5472-6e4c-4d3e-a851-faca2820472b,ok,203,3fc40ab57bd82f6e,False
2026-10-02T08:25:24+00:00,8,21,wp1-cost-run-u08-ab0aaa2c-db44-4e43-9bf3-6c362ca9143f,ok,256,da2738dac49e5a38,False
2026-10-02T08:25:39+00:00,9,21,wp1-cost-run-u09-f7bfc86a-6ee2-4ddf-bd5f-62766183f011,ok,291,6b13c3e6ba54298c,False
2026-10-02T08:25:54+00:00,10,21,wp1-cost-run-u10-d3cd6504-a141-430a-b4f6-060b4a151043,ok,439,2241cb0e8b59a225,False
2026-10-02T08:26:09+00:00,11,21,wp1-cost-run-u11-a8a25018-3a5e-45de-bba3-54793f5bfcbb,ok,200,21aa9fa600ef988f,False
2026-10-02T08:26:24+00:00,12,21,wp1-cost-run-u12-dbd24a4d-7416-411f-af83-c30c5e41941b,ok,192,98f6ca35477e6289,False
2026-10-02T08:26:39+00:00,13,21,wp1-cost-run-u13-13ceabcc-357a-4d7c-b088-16324fd6e878,ok,219,1ad8679cf4a611f3,False
2026-10-02T08:26:54+00:00,14,21,wp1-cost-run-u14-df2b1e9d-4317-48e7-880f-d8d5191f6b7b,ok,240,3ccf2ffac2f37684,False
2026-10-02T08:27:09+00:00,15,21,wp1-cost-run-u15-b947c9e6-b389-4ef4-80b6-7f5b38fd94f8,ok,271,47dcc336fc189632,False
2026-10-02T08:27:24+00:00,16,21,wp1-cost-run-u16-060d8b72-18e1-4888-893e-b2bc3daaabef,ok,210,49ce586124ee0590,False
2026-10-02T08:27:39+00:00,17,21,wp1-cost-run-u17-717bf805-be39-407e-b203-69529a5448fd,ok,209,9e7dc518f0f159d2,False
2026-10-02T08:27:54+00:00,18,21,wp1-cost-run-u18-7730b6fe-7a72-4df0-a4c6-683ec682f8b0,ok,196,b1ca1484f6352218,False
2026-10-02T08:28:09+00:00,19,21,wp1-cost-run-u19-8c45f4fd-0244-4b06-8aeb-617e4b215ee1,ok,203,e6e3372c39f2ba3d,False
2026-10-02T08:28:24+00:00,20,21,wp1-cost-run-u20-7254e685-b14b-4c3c-bcdf-97e709516903,ok,247,f4e0f0296b36a8e5,False
2026-10-02T08:28:39+00:00,1,22,wp1-cost-run-u01-a068e5de-a7c1-4058-bb17-810044698886,ok,202,b206133542026b16,False
2026-10-02T08:28:54+00:00,2,22,wp1-cost-run-u02-3d833f7d-ae57-493e-b6f9-4f7188f70c64,ok,214,6bf3e514313d8ad7,False
2026-10-02T08:29:09+00:00,3,22,wp1-cost-run-u03-056a6eff-fc14-42c8-bae6-590311b06fec,ok,192,f8abe6ed5827d079,False
2026-10-02T08:29:24+00:00,4,22,wp1-cost-run-u04-721db2ba-c375-47ae-8123-ae17b7cffd6c,ok,209,efad034a7e683250,False
2026-10-02T08:29:39+00:00,5,22,wp1-cost-run-u05-c790f20d-7312-4237-b743-5d830e043f12,ok,213,8d39932dfcd4e1e6,False
2026-10-02T08:29:54+00:00,6,22,wp1-cost-run-u06-c102344b-5dd1-4835-8af1-183f07f17da7,ok,255,ddcb383b8506e2b7,False
2026-10-02T08:30:09+00:00,7,22,wp1-cost-run-u07-f1bb5472-6e4c-4d3e-a851-faca2820472b,ok,303,3fc40ab57bd82f6e,False
2026-10-02T08:30:24+00:00,8,22,wp1-cost-run-u08-ab0aaa2c-db44-4e43-9bf3-6c362ca9143f,ok,316,da2738dac49e5a38,False
2026-10-02T08:30:39+00:00,9,22,wp1-cost-run-u09-f7bfc86a-6ee2-4ddf-bd5f-62766183f011,ok,212,6b13c3e6ba54298c,False
2026-10-02T08:30:54+00:00,10,22,wp1-cost-run-u10-d3cd6504-a141-430a-b4f6-060b4a151043,ok,211,2241cb0e8b59a225,False
2026-10-02T08:31:09+00:00,11,22,wp1-cost-run-u11-a8a25018-3a5e-45de-bba3-54793f5bfcbb,ok,209,21aa9fa600ef988f,False
2026-10-02T08:31:24+00:00,12,22,wp1-cost-run-u12-dbd24a4d-7416-411f-af83-c30c5e41941b,ok,274,98f6ca35477e6289,False
2026-10-02T08:31:39+00:00,13,22,wp1-cost-run-u13-13ceabcc-357a-4d7c-b088-16324fd6e878,ok,284,1ad8679cf4a611f3,False
2026-10-02T08:31:54+00:00,14,22,wp1-cost-run-u14-df2b1e9d-4317-48e7-880f-d8d5191f6b7b,ok,180,3ccf2ffac2f37684,False
2026-10-02T08:32:09+00:00,15,22,wp1-cost-run-u15-b947c9e6-b389-4ef4-80b6-7f5b38fd94f8,ok,164,47dcc336fc189632,False
2026-10-02T08:32:24+00:00,16,22,wp1-cost-run-u16-060d8b72-18e1-4888-893e-b2bc3daaabef,ok,202,49ce586124ee0590,False
2026-10-02T08:32:39+00:00,17,22,wp1-cost-run-u17-717bf805-be39-407e-b203-69529a5448fd,ok,240,9e7dc518f0f159d2,False
2026-10-02T08:32:54+00:00,18,22,wp1-cost-run-u18-7730b6fe-7a72-4df0-a4c6-683ec682f8b0,ok,254,b1ca1484f6352218,False
2026-10-02T08:33:09+00:00,19,22,wp1-cost-run-u19-8c45f4fd-0244-4b06-8aeb-617e4b215ee1,ok,196,e6e3372c39f2ba3d,False
2026-10-02T08:33:24+00:00,20,22,wp1-cost-run-u20-7254e685-b14b-4c3c-bcdf-97e709516903,ok,205,f4e0f0296b36a8e5,False
2026-10-02T08:33:39+00:00,1,23,wp1-cost-run-u01-a068e5de-a7c1-4058-bb17-810044698886,ok,184,b206133542026b16,False
2026-10-02T08:33:54+00:00,2,23,wp1-cost-run-u02-3d833f7d-ae57-493e-b6f9-4f7188f70c64,ok,180,6bf3e514313d8ad7,False
2026-10-02T08:34:09+00:00,3,23,wp1-cost-run-u03-056a6eff-fc14-42c8-bae6-590311b06fec,ok,228,f8abe6ed5827d079,False
2026-10-02T08:34:24+00:00,4,23,wp1-cost-run-u04-721db2ba-c375-47ae-8123-ae17b7cffd6c,ok,522,efad034a7e683250,False
2026-10-02T08:34:39+00:00,5,23,wp1-cost-run-u05-c790f20d-7312-4237-b743-5d830e043f12,ok,231,8d39932dfcd4e1e6,False
2026-10-02T08:34:54+00:00,6,23,wp1-cost-run-u06-c102344b-5dd1-4835-8af1-183f07f17da7,ok,197,ddcb383b8506e2b7,False
2026-10-02T08:35:09+00:00,7,23,wp1-cost-run-u07-f1bb5472-6e4c-4d3e-a851-faca2820472b,ok,230,3fc40ab57bd82f6e,False
2026-10-02T08:35:24+00:00,8,23,wp1-cost-run-u08-ab0aaa2c-db44-4e43-9bf3-6c362ca9143f,ok,221,da2738dac49e5a38,False
2026-10-02T08:35:39+00:00,9,23,wp1-cost-run-u09-f7bfc86a-6ee2-4ddf-bd5f-62766183f011,ok,469,6b13c3e6ba54298c,False
2026-10-02T08:35:54+00:00,10,23,wp1-cost-run-u10-d3cd6504-a141-430a-b4f6-060b4a151043,ok,293,2241cb0e8b59a225,False
2026-10-02T08:36:09+00:00,11,23,wp1-cost-run-u11-a8a25018-3a5e-45de-bba3-54793f5bfcbb,ok,284,21aa9fa600ef988f,False
2026-10-02T08:36:24+00:00,12,23,wp1-cost-run-u12-dbd24a4d-7416-411f-af83-c30c5e41941b,ok,177,98f6ca35477e6289,False
2026-10-02T08:36:39+00:00,13,23,wp1-cost-run-u13-13ceabcc-357a-4d7c-b088-16324fd6e878,ok,169,1ad8679cf4a611f3,False
2026-10-02T08:36:54+00:00,14,23,wp1-cost-run-u14-df2b1e9d-4317-48e7-880f-d8d5191f6b7b,ok,194,3ccf2ffac2f37684,False
2026-10-02T08:37:09+00:00,15,23,wp1-cost-run-u15-b947c9e6-b389-4ef4-80b6-7f5b38fd94f8,ok,217,47dcc336fc189632,False
2026-10-02T08:37:24+00:00,16,23,wp1-cost-run-u16-060d8b72-18e1-4888-893e-b2bc3daaabef,ok,255,49ce586124ee0590,False
2026-10-02T08:37:39+00:00,17,23,wp1-cost-run-u17-717bf805-be39-407e-b203-69529a5448fd,ok,213,9e7dc518f0f159d2,False
2026-10-02T08:37:54+00:00,18,23,wp1-cost-run-u18-7730b6fe-7a72-4df0-a4c6-683ec682f8b0,ok,227,b1ca1484f6352218,False
2026-10-02T08:38:09+00:00,19,23,wp1-cost-run-u19-8c45f4fd-0244-4b06-8aeb-617e4b215ee1,ok,218,e6e3372c39f2ba3d,False
2026-10-02T08:38:24+00:00,20,23,wp1-cost-run-u20-7254e685-b14b-4c3c-bcdf-97e709516903,ok,238,f4e0f0296b36a8e5,False
2026-10-02T08:38:39+00:00,1,24,wp1-cost-run-u01-a068e5de-a7c1-4058-bb17-810044698886,ok,218,b206133542026b16,False
2026-10-02T08:38:54+00:00,2,24,wp1-cost-run-u02-3d833f7d-ae57-493e-b6f9-4f7188f70c64,ok,182,6bf3e514313d8ad7,False
2026-10-02T08:39:09+00:00,3,24,wp1-cost-run-u03-056a6eff-fc14-42c8-bae6-590311b06fec,ok,221,f8abe6ed5827d079,False
2026-10-02T08:39:24+00:00,4,24,wp1-cost-run-u04-721db2ba-c375-47ae-8123-ae17b7cffd6c,ok,160,efad034a7e683250,False
2026-10-02T08:39:39+00:00,5,24,wp1-cost-run-u05-c790f20d-7312-4237-b743-5d830e043f12,ok,519,8d39932dfcd4e1e6,False
2026-10-02T08:39:54+00:00,6,24,wp1-cost-run-u06-c102344b-5dd1-4835-8af1-183f07f17da7,ok,243,ddcb383b8506e2b7,False
2026-10-02T08:40:09+00:00,7,24,wp1-cost-run-u07-f1bb5472-6e4c-4d3e-a851-faca2820472b,ok,208,3fc40ab57bd82f6e,False
2026-10-02T08:40:24+00:00,8,24,wp1-cost-run-u08-ab0aaa2c-db44-4e43-9bf3-6c362ca9143f,ok,227,da2738dac49e5a38,False
2026-10-02T08:40:39+00:00,9,24,wp1-cost-run-u09-f7bfc86a-6ee2-4ddf-bd5f-62766183f011,ok,288,6b13c3e6ba54298c,False
2026-10-02T08:40:54+00:00,10,24,wp1-cost-run-u10-d3cd6504-a141-430a-b4f6-060b4a151043,ok,183,2241cb0e8b59a225,False
2026-10-02T08:41:09+00:00,11,24,wp1-cost-run-u11-a8a25018-3a5e-45de-bba3-54793f5bfcbb,ok,283,21aa9fa600ef988f,False
2026-10-02T08:41:24+00:00,12,24,wp1-cost-run-u12-dbd24a4d-7416-411f-af83-c30c5e41941b,ok,188,98f6ca35477e6289,False
2026-10-02T08:41:39+00:00,13,24,wp1-cost-run-u13-13ceabcc-357a-4d7c-b088-16324fd6e878,ok,235,1ad8679cf4a611f3,False
2026-10-02T08:41:54+00:00,14,24,wp1-cost-run-u14-df2b1e9d-4317-48e7-880f-d8d5191f6b7b,ok,266,3ccf2ffac2f37684,False
2026-10-02T08:42:09+00:00,15,24,wp1-cost-run-u15-b947c9e6-b389-4ef4-80b6-7f5b38fd94f8,ok,197,47dcc336fc189632,False
2026-10-02T08:42:24+00:00,16,24,wp1-cost-run-u16-060d8b72-18e1-4888-893e-b2bc3daaabef,ok,192,49ce586124ee0590,False
2026-10-02T08:42:39+00:00,17,24,wp1-cost-run-u17-717bf805-be39-407e-b203-69529a5448fd,ok,198,9e7dc518f0f159d2,False
2026-10-02T08:42:54+00:00,18,24,wp1-cost-run-u18-7730b6fe-7a72-4df0-a4c6-683ec682f8b0,ok,174,b1ca1484f6352218,False
2026-10-02T08:43:09+00:00,19,24,wp1-cost-run-u19-8c45f4fd-0244-4b06-8aeb-617e4b215ee1,ok,222,e6e3372c39f2ba3d,False
2026-10-02T08:43:24+00:00,20,24,wp1-cost-run-u20-7254e685-b14b-4c3c-bcdf-97e709516903,ok,256,f4e0f0296b36a8e5,False
