timestamp_utc,CPUUsed-vCPUHours,MemoryUsed-GBHours
2026-10-02T14:20,0.00106797,0.001535669334975
2026-10-02T14:25,0.001105936388889,0.001528302271937
2026-10-02T14:30,0.001122421944444,0.001540251893527
2026-10-02T14:35,0.001072550277778,0.001477335432455
2026-10-02T14:40,0.001078913888889,0.001545106636278
2026-10-02T14:45,0.005822990555556,0.194921463544643
2026-10-02T14:50,0.00081586277778,0.146883219672658
2026-10-02T14:55,0.000822582222222,0.127378698493568
2026-10-02T15:00,0.0008530738888889999,0.110308280336443
2026-10-02T15:05,0.0008262661111100001,0.101797479404763
2026-10-02T15:10,0.000805751111111,0.09777472680329999
2026-10-02T15:15,0.000795949444445,0.09697701444887499
2026-10-02T15:20,0.000806079722222,0.095447037149206
2026-10-02T15:25,0.000803794444443,0.093475599311523
2026-10-02T15:30,0.0008899883333350001,0.092407345248382
2026-10-02T15:35,0.000853444444445,0.09200334343624
2026-10-02T15:40,0.0008682741666670001,0.090692725717426
2026-10-02T15:45,0.0008772741666669999,0.090260438878649
2026-10-02T15:50,0.000824144444445,0.09052418366065901
2026-10-02T15:55,0.0008418472222220001,0.090895173459456
2026-10-02T16:00,0.0008698838888869999,0.090977773851207
2026-10-02T16:05,0.000806456944445,0.09110064383933901
2026-10-02T16:10,0.0008441116666670001,0.091211070094553
2026-10-02T16:15,0.0008541844444440001,0.091170153795517
2026-10-02T16:20,0.000844416388887,0.091456961478793
2026-10-02T16:25,0.000836159999999,0.091714025031027
2026-10-02T16:30,0.0008147030555560001,0.092020978211663
2026-10-02T16:35,0.000789403055554,0.092134015548165
2026-10-02T16:40,0.0008026533333359999,0.09223133016076
2026-10-02T16:45,0.0007617450000009999,0.08563287111861
2026-10-02T17:20,0.001066674444444,0.001568706337821
2026-10-02T17:40,0.001113045555556,0.001539594085703
2026-10-02T18:00,0.00046993694444499997,0.050471768210704995
2026-10-02T18:05,0.000711915277777,0.10967963508927099
2026-10-02T18:10,0.000851194444444,0.123320728054627
2026-10-02T18:15,0.000854366388888,0.13284580251821299
2026-10-02T18:20,0.0008580363888899999,0.105069650001799
2026-10-02T18:25,0.0008325294444449999,0.096095889031144
2026-10-02T18:30,0.0008204916666669999,0.093886911308856
2026-10-02T18:35,0.0008420694444449999,0.09187493774801599
2026-10-02T18:40,0.0008138552777789999,0.09104900788995299
2026-10-02T18:45,0.000799660555555,0.09109425140112501
2026-10-02T18:50,0.000789737777778,0.09079155504634401
2026-10-02T18:55,0.000819226944445,0.09087006695710098
2026-10-02T19:00,0.000855107777776,0.089860694930397
2026-10-02T19:05,0.000843389722223,0.090055074829156
2026-10-02T19:10,0.000850144999999,0.090154135268614
2026-10-02T19:15,0.0008522658333330001,0.090274899921336
2026-10-02T19:20,0.0008418727777790001,0.09041073975961599
2026-10-02T19:25,0.00082282,0.090622018118394
2026-10-02T19:30,0.0008754111111100001,0.09056933504475301
2026-10-02T19:35,0.000819431388889,0.09087650700372901
2026-10-02T19:40,0.000813530277777,0.091510880632597
2026-10-02T19:45,0.000828196388888,0.0919443362222
2026-10-02T19:50,0.000842997222222,0.091705914897522
2026-10-02T19:55,0.000837148888889,0.09210863829241701
2026-10-02T20:00,0.0008516783333329999,0.092065793665744
2026-10-02T20:05,0.000816166111111,0.09217258940246001
2026-10-02T20:10,0.000301383333333,0.031713087439457
2026-10-03T17:45,0.001081015833333,0.001557264872138
2026-10-03T18:10,0.000775138611111,0.120633034918875
2026-10-03T18:15,0.0007827002777790001,0.14611689412617
2026-10-03T18:20,0.000876857499999,0.115036686664539
2026-10-03T18:25,0.0008354255555560001,0.099411198566919
2026-10-03T18:30,0.0007936644444470001,0.09730624548690199
2026-10-03T18:35,0.000809607500001,0.09557415211602299
2026-10-03T18:40,0.000788166944444,0.094961911025365
2026-10-03T18:45,0.000771251944443,0.094573796987655
2026-10-03T18:50,0.000807899444446,0.093617916464738
2026-10-03T18:55,0.000790907777778,0.09318419313035
2026-10-03T19:00,0.000798728888888,0.092975045777728
2026-10-03T19:05,0.000805640833335,0.09242852961855999
2026-10-03T19:10,0.000801882222222,0.092078799743626
2026-10-03T19:15,0.000800779444445,0.09224212857285499
2026-10-03T19:20,0.0007926061111100001,0.09245884100677801
2026-10-03T19:25,0.000829792222223,0.09265524391725599
2026-10-03T19:30,0.0008139824999999999,0.09250891749578499
2026-10-03T19:35,0.0008293230555549998,0.092591809401987
2026-10-03T19:40,0.000817383333332,0.09280678397225499
2026-10-03T19:45,0.0008029255555560001,0.093093044295737
2026-10-03T19:50,0.000807381111111,0.093186620087753
2026-10-03T19:55,0.000816014166666,0.093597743891975
2026-10-03T20:00,0.000819401111112,0.093793694193154
2026-10-03T20:05,0.0008199311111100002,0.09402993642279
2026-10-03T20:10,0.000326415833333,0.035340751986191
2026-10-04T17:45,0.001073716388889,0.001559306535189
2026-10-04T18:10,0.0007724744444439999,0.11146536309947401
2026-10-04T18:15,0.0007978300000010001,0.14272910968708402
2026-10-04T18:20,0.000782660000002,0.131797767626178
2026-10-04T18:25,0.000800781666666,0.123410050588465
2026-10-04T18:30,0.000788924166668,0.114433075226712
2026-10-04T18:35,0.000803096388887,0.10758594704781899
2026-10-04T18:40,0.000811502222221,0.10442030356117399
2026-10-04T18:45,0.00080512888889,0.101243904689659
2026-10-04T18:50,0.0008016238888879999,0.09764447036031
2026-10-04T18:55,0.000826642777778,0.09576210406041
2026-10-04T19:00,0.0008001930555550001,0.094474322678398
2026-10-04T19:05,0.0008386136111120001,0.09400954434077699
2026-10-04T19:10,0.0008276447222229999,0.093840616556792
2026-10-04T19:15,0.000816512777777,0.093392298058752
2026-10-04T19:20,0.000818567222223,0.09360940502448399
2026-10-04T19:25,0.000804257777777,0.094019081791551
2026-10-04T19:30,0.000795918333334,0.09428721106385599
2026-10-04T19:35,0.000800672777779,0.09451561146672799
2026-10-04T19:40,0.000797129444444,0.09430632295142699
2026-10-04T19:45,0.000751410833333,0.094367070588871
2026-10-04T19:50,0.000789048055555,0.094312310290002
2026-10-04T19:55,0.000821092222222,0.094171406485052
2026-10-04T20:00,0.0008610880555560001,0.09367837128848
2026-10-04T20:05,0.000817361388891,0.093955653370036
2026-10-04T20:10,0.00030057027777800004,0.032577729031798
