at,user,session,first_reply_ms,ok,burst
2026-10-04T02:58:15+00:00,b01,ses_user_73d709142b469ac4_e630ac6fcd5d,4426,True,20
2026-10-04T02:58:32+00:00,b02,ses_user_16c072f402ca685e_9d180d29df26,20732,True,20
2026-10-04T02:58:29+00:00,b03,ses_user_0819249976f4b1b0_ef79828739b1,17123,True,20
2026-10-04T02:58:16+00:00,b04,ses_user_4bec9777aa6e931f_4a75d144b528,4121,True,20
2026-10-04T02:58:18+00:00,b05,ses_user_d7e51cfd8c91cbbb_6d68b6b24986,4937,True,20
2026-10-04T02:58:29+00:00,b06,ses_user_c80641e0b59cad93_5d678b952de5,16841,True,20
2026-10-04T02:58:17+00:00,b07,ses_user_2996bf682bb5f026_63e7b78cd7a0,4120,True,20
2026-10-04T02:58:28+00:00,b08,ses_user_b47b65f5e9a2b96f_c861888ec7a3,17352,True,20
2026-10-04T02:58:15+00:00,b09,ses_user_c1125672471049ac_d5bf6f283efc,4120,True,20
2026-10-04T02:58:15+00:00,b10,ses_user_dc3dbc9667bbb303_9d233dc62399,3929,True,20
2026-10-04T02:58:29+00:00,b11,ses_user_69b1b027230b73b7_6371e43a4f15,16705,True,20
2026-10-04T02:58:29+00:00,b12,ses_user_9be76ecd1340a32a_1d4e6097802c,16775,True,20
2026-10-04T02:58:16+00:00,b13,ses_user_280bf35d03a2f663_c4d33c6905a4,4518,True,20
2026-10-04T02:58:29+00:00,b14,ses_user_f5507e8a8b28e680_52de96d733e3,17028,True,20
2026-10-04T02:58:17+00:00,b15,ses_user_69e0f441a83c6b18_a5fb22414271,4321,True,20
2026-10-04T02:58:28+00:00,b16,ses_user_9dcbf4743e89b8c0_f3aff9c8bc4b,17225,True,20
2026-10-04T02:58:16+00:00,b17,ses_user_e7a852799ff4ec7d_6acc4e824ab1,4115,True,20
2026-10-04T02:58:16+00:00,b18,ses_user_9b93ae1a9570b11b_5cca9a18e585,4305,True,20
2026-10-04T02:58:29+00:00,b19,ses_user_648960a93180d9af_3e109d0266d2,16702,True,20
2026-10-04T02:58:30+00:00,b20,ses_user_5519675479d88c6a_d5608fce00b2,17748,True,20
