at,user,session,first_reply_ms,openclaw_ready_s,full_reply_ms,first_msg_to_full_reply_s,first_reply,full_reply
2026-10-04T02:53:24+00:00,f01,ses_user_002bbc11198479af_a0a3e16d0aa8,17352,28.0,4758,32.8,"你好！👋 我是你的個人 AI 助理，可以幫你搜尋網路資訊、管理檔案、設定提醒排程，以及處理各種日常任務。有什麼需要幫忙的，儘管說！😊

---
_Warm-up mode — after full startup (~5-6 second)",這是我們對話的開頭，我還沒說過任何話。
2026-10-04T02:54:08+00:00,f02,ses_user_d40fc45cfea5508a_1b734f89a6bd,6638,12.1,4544,16.6,"你好！👋 我是你的個人 AI 助理，可以幫你搜尋網路資訊、管理檔案、設定提醒排程，以及處理各種日常任務。有任何問題或需要幫忙的事，隨時告訴我！😊

---
_Warm-up mode — after full startup (~5-6 s",這是我們對話的開頭，我還沒說過任何話。
2026-10-04T02:54:40+00:00,f03,ses_user_e6f075ab137d327f_916b345b17d8,4336,15.0,4736,19.8,"你好！我是你的個人 AI 助理，可以幫你搜尋網路資訊、管理檔案、設定提醒排程，以及完成各種日常任務。有什麼需要幫忙的，儘管說！😊

---
_Warm-up mode — after full startup (~5-6 second), ",這是我們對話的開頭，我還沒說過任何話。
2026-10-04T02:55:23+00:00,f04,ses_user_85a7698cc1367365_57f86435f634,4990,15.6,4638,20.2,"你好！我是你的個人 AI 助理，可以幫你搜尋網路資訊、管理檔案、設定提醒排程，以及安裝各種社群技能。有任何問題或需要幫忙的事，隨時告訴我！😊

---
_Warm-up mode — after full startup (~5-6 sec",這是我們對話的開頭，我還沒說過任何話。
2026-10-04T02:55:54+00:00,f05,ses_user_bc925acf65ed315f_6fe10e552d33,4168,14.8,4492,19.3,"你好！👋

我是你的個人 AI 助理，可以幫你搜尋網路資訊、管理檔案、設定提醒排程，以及完成各種日常任務。有什麼需要幫忙的，儘管說！😊

---
_Warm-up mode — after full startup (~5-6 second",這是我們對話的第一條訊息，我之前什麼都沒說過。
2026-10-04T02:56:24+00:00,f06,ses_user_004b45759970617c_1ca7c654d4fb,4023,14.7,4708,19.4,"你好！我是你的個人 AI 助理，可以幫你搜尋網路資訊、管理檔案、設定提醒排程，以及處理各種日常任務。有什麼需要幫忙的，儘管告訴我！😊

---
_Warm-up mode — after full startup (~5-6 second)",這是我們對話的開頭，我還沒說過任何話。
2026-10-04T02:56:56+00:00,f07,ses_user_11f9621fca3be265_971da0b40292,4670,15.3,4653,20.0,"你好！我是你的個人 AI 助理，可以幫你搜尋網路資訊、管理檔案、設定提醒排程，以及回答各種問題。有什麼我可以幫你的嗎？😊

---
_Warm-up mode — after full startup (~5-6 second), addi",這是我們對話的開頭，我還沒說過任何話。
2026-10-04T02:57:27+00:00,f08,ses_user_d31aacf1f23b9de4_a89f52f4d7c3,4617,15.2,4745,19.9,"你好！👋 我是你的個人 AI 助理，可以幫你搜尋網路資訊、管理檔案、設定提醒排程，以及處理各種日常任務。有什麼我可以幫你的嗎？😊

---
_Warm-up mode — after full startup (~5-6 second), ",這是我們對話的開頭，我還沒說過任何話。
2026-10-04T03:57:12+00:00,n02,ses_user_93e98aa8613bf56a_96a01ef2ad2b,403093,413.8,4652,418.4,"你好！我是你的個人 AI 助理，可以幫你搜尋網路資訊、管理檔案、設定提醒排程，以及協助各種日常任務。有什麼需要幫忙的，儘管說！😊

---
_Warm-up mode — after full startup (~5-6 second), ",這是我們對話的開頭，我還沒說過任何話。
2026-10-04T04:01:07+00:00,n03,ses_user_180484ca82394ffa_59714d70f7a8,137485,148.2,5056,153.3,"你好！我是你的個人 AI 助理，可以幫你搜尋網路資訊、管理檔案、設定提醒排程，以及處理各種日常任務。有什麼我可以幫你的嗎？😊

---
_Warm-up mode — after full startup (~5-6 second), ad",這是我們對話的第一條訊息，我之前什麼都沒說過。
2026-10-04T04:03:12+00:00,n05,ses_user_19f750f3477c6e39_8e0f99629383,5161,15.8,4895,20.7,"你好！👋 我是你的個人 AI 助理，可以幫你搜尋網路資訊、管理檔案、設定提醒排程，以及處理各種日常任務。有什麼需要幫忙的，儘管說！😊

---
_Warm-up mode — after full startup (~5-6 second)",這是我們對話的第一條訊息，我之前什麼都沒說過。
2026-10-04T04:03:42+00:00,n06,ses_user_f2f24ff8417c1e1a_a405ba143628,4635,15.3,4533,19.8,"你好！我是你的 AI 個人助理，可以幫你搜尋網路、管理檔案、設定提醒排程，以及處理各種日常任務。有什麼需要幫忙的，儘管說！😊

---
_Warm-up mode — after full startup (~5-6 second), ad",這是我們對話的第一條訊息，我之前什麼都沒說過。
