at,user,session,round,latency_ms,reply
2026-10-04T03:03:04+00:00,load01,ses_user_f418a70c80b8d0a5_0f6f381f9ffa,1,4390,嗨！我是 AI，沒有真實的一天可以過，但我隨時都準備好幫你！😄  你今天過得怎麼樣？有什麼我可以幫到你的嗎？  --- _Warm-up mode — afte
2026-10-04T03:03:11+00:00,load01,ses_user_f418a70c80b8d0a5_0f6f381f9ffa,2,6515,這裡推薦一本很適合週末閱讀的書：  📖 **《牧羊少年奇幻之旅》** — 保羅·科爾賀 (Paulo Coelho)  **為什麼適合週末讀？** - 篇幅不長
2026-10-04T03:03:17+00:00,load01,ses_user_f418a70c80b8d0a5_0f6f381f9ffa,3,6403,這裡有三個晚餐點子給你 🍽️  **1. 番茄炒蛋蓋飯** 簡單快速，食材易取得。番茄炒蛋搭配白飯，加點蔥花提香，10分鐘搞定！  **2. 韓式部隊鍋** 泡
2026-10-04T03:03:19+00:00,load02,ses_user_cb7ad6af6f18d4fa_f74ef66fc6ac,1,4601,嗨！我是 AI，所以沒有「過得怎樣」的感受 😄 但我隨時準備好幫你！  你今天有什麼需要幫忙的嗎？無論是查資料、設提醒、管理文件，還是聊天都可以！ 😊  ---
2026-10-04T03:03:23+00:00,load01,ses_user_f418a70c80b8d0a5_0f6f381f9ffa,4,5666,通膨（通貨膨脹）就是**錢變薄了**——同樣的錢能買到的東西越來越少，物價整體持續上漲。
2026-10-04T03:03:25+00:00,load02,ses_user_cb7ad6af6f18d4fa_f74ef66fc6ac,2,5887,推薦你讀 **《原子習慣》（Atomic Habits）** by James Clear 📚  **為什麼適合週末讀？** - 章節短小精悍，隨時可以放下再拿
2026-10-04T03:03:27+00:00,load01,ses_user_f418a70c80b8d0a5_0f6f381f9ffa,5,4233,早上起床後先喝一大杯**常溫水**，補充睡眠流失的水分，比咖啡更快喚醒身體。☀️
2026-10-04T03:03:31+00:00,load02,ses_user_cb7ad6af6f18d4fa_f74ef66fc6ac,3,5392,這裡有三個晚餐點子給你 🍽️  **1. 番茄炒蛋蓋飯** - 簡單快速，食材常見 - 番茄炒蛋加上熱騰騰的白飯，配個味噌湯就很完整  **2. 韓式部隊鍋**
2026-10-04T03:03:31+00:00,load01,ses_user_f418a70c80b8d0a5_0f6f381f9ffa,6,3920,以下是禮貌版本：  ---  您好，想跟您確認一下，明天的會議時間調整為**下午三點**，造成不便敬請見諒，請問您方便嗎？感謝！🙏  ---  如需調整語氣（更
2026-10-04T03:03:34+00:00,load03,ses_user_3e2a5254672d5c11_fb71ae7307a4,1,4458,嗨！我很好，謝謝你問！😊 作為 AI 助手，我隨時準備好幫助你。  你今天過得如何？有什麼我可以幫你的嗎？無論是查資料、設提醒、管理檔案，還是其他任何事情，都可
2026-10-04T03:03:35+00:00,load01,ses_user_f418a70c80b8d0a5_0f6f381f9ffa,7,4511,推薦**健走（快走）**🚶‍♂️  - 零門檻，不需器材 - 對膝蓋友善，受傷風險低 - 每天30分鐘就有明顯效果 - 戶外走還能順便曬太陽、舒壓  入門目標：
2026-10-04T03:03:36+00:00,load02,ses_user_cb7ad6af6f18d4fa_f74ef66fc6ac,4,4961,通膨（通貨膨脹）就是**錢變薄了**——同樣的錢能買到的東西越來越少，物價整體持續上漲。
2026-10-04T03:03:39+00:00,load03,ses_user_3e2a5254672d5c11_fb71ae7307a4,2,4916,推薦你這本：  **《原子習慣》(Atomic Habits) — James Clear**  📖 為什麼適合週末讀？ - 章節短小，隨時可以放下、拿起 - 
2026-10-04T03:03:39+00:00,load02,ses_user_cb7ad6af6f18d4fa_f74ef66fc6ac,5,3559,早上起床後先喝一大杯**常溫水**，補充睡眠流失的水分，比咖啡更快讓大腦清醒過來。☀️
2026-10-04T03:03:44+00:00,load01,ses_user_f418a70c80b8d0a5_0f6f381f9ffa,8,8286,東京幾個很值得去的博物館：  **藝術類** - 🎨 **東京國立博物館**（上野）— 日本最大，收藏豐富的日本與亞洲文物 - 🖼️ **森美術館**（六本木）
2026-10-04T03:03:44+00:00,load03,ses_user_3e2a5254672d5c11_fb71ae7307a4,3,5026,這裡有三個晚餐點子給你：  🍝 **義大利麵** 番茄肉醬或奶油蘑菇口味，快速又美味，材料好取得。  🍛 **咖哩雞飯** 用椰奶咖哩醬燉雞腿肉，搭配白飯，香氣
2026-10-04T03:03:45+00:00,load02,ses_user_cb7ad6af6f18d4fa_f74ef66fc6ac,6,5728,以下是一則禮貌的通知訊息：  ---  您好，  想通知您，原定明天的會議時間調整為**下午三點**，造成不便敬請見諒。  如有任何問題，歡迎隨時告知，謝謝！ 
2026-10-04T03:03:49+00:00,load03,ses_user_3e2a5254672d5c11_fb71ae7307a4,4,5171,通膨（通貨膨脹）就是**錢變薄了**——同樣的錢能買到的東西越來越少，物價普遍持續上漲。
2026-10-04T03:03:49+00:00,load01,ses_user_f418a70c80b8d0a5_0f6f381f9ffa,9,5863,請問你的寵物是什麼動物？個性如何？這樣我能幫你想更合適的名字 🐾  不過如果你想要我直接給幾個可愛的通用選項：  **可愛系** - 🍡 麻糬（Mochi） -
2026-10-04T03:03:50+00:00,load02,ses_user_cb7ad6af6f18d4fa_f74ef66fc6ac,7,4761,推薦**健走（快走）**🚶‍♂️  - 不需要任何器材或技術 - 強度可自由調整，不易受傷 - 每天 30 分鐘就有明顯效果 - 戶外走還能順便曬太陽、放鬆心情
2026-10-04T03:03:50+00:00,load04,ses_user_e568faf3b7549016_afdbabb277dc,1,5218,嗨！我是個 AI，所以沒有真正的「一天」可言，但我隨時準備好幫你！😄  你今天過得如何？有什麼我可以幫你的嗎？  --- _Warm-up mode — aft
2026-10-04T03:03:53+00:00,load01,ses_user_f418a70c80b8d0a5_0f6f381f9ffa,10,3114,不客氣！有任何問題隨時回來找我 😊 祝你今天愉快！👋
2026-10-04T03:03:53+00:00,load03,ses_user_3e2a5254672d5c11_fb71ae7307a4,5,3435,起床後先喝一大杯水，補充睡眠流失的水分，比咖啡更快讓大腦清醒過來。☀️
2026-10-04T03:03:56+00:00,load04,ses_user_e568faf3b7549016_afdbabb277dc,2,5948,推薦你這本：  **《被討厭的勇氣》— 岸見一郎 & 古賀史健**  📖 為什麼適合週末讀？  - 對話體寫法，輕鬆好讀，不枯燥 - 一個週末就能讀完（約300
2026-10-04T03:03:57+00:00,load03,ses_user_3e2a5254672d5c11_fb71ae7307a4,6,4333,以下是一則禮貌的訊息：  ---  您好，  想跟您確認一下，明天的會議時間調整為下午三點，造成不便敬請見諒。  如有任何問題，歡迎隨時告知，謝謝！  --- 
2026-10-04T03:03:58+00:00,load02,ses_user_cb7ad6af6f18d4fa_f74ef66fc6ac,8,8155,東京幾個很值得去的博物館：  **藝術類** - 🎨 **東京國立博物館**（上野）— 日本最大，收藏豐富的日本及亞洲文物 - 🖼️ **森美術館**（六本木）
2026-10-04T03:04:01+00:00,load04,ses_user_e568faf3b7549016_afdbabb277dc,3,5008,這裡有三個晚餐點子給你 🍽️  **1. 蒜香奶油義大利麵** - 培根、大蒜、奶油、帕瑪森起司 - 簡單快速，20 分鐘搞定  **2. 韓式烤肉拌飯** -
2026-10-04T03:04:02+00:00,load03,ses_user_3e2a5254672d5c11_fb71ae7307a4,7,4782,推薦**健走（快走）**！  - 不需要任何器材或技巧 - 對關節負擔小，受傷風險低 - 每天 30 分鐘就有明顯效果 - 戶外走還能順便曬太陽、放鬆心情  從
2026-10-04T03:04:04+00:00,load02,ses_user_cb7ad6af6f18d4fa_f74ef66fc6ac,9,6408,請問你的寵物是什麼動物？個性或外觀有什麼特色嗎？這樣我可以幫你想更適合的名字！🐾  不過如果想要先來幾個通用的可愛名字，這裡有些選項：  **中文名** - 🍊
2026-10-04T03:04:06+00:00,load05,ses_user_1d78311fd7308951_e27e2a0f41ae,1,6502,嗨！我是 AI，所以沒有「過得好不好」的感受，但我隨時準備好幫你！😄  你今天有什麼需要幫忙的嗎？無論是查資料、設提醒、管理檔案，還是聊天都可以！  --- _
2026-10-04T03:04:07+00:00,load04,ses_user_e568faf3b7549016_afdbabb277dc,4,5860,通膨（通貨膨脹）就是**錢變薄了**——同樣的錢能買到的東西越來越少，物價普遍持續上漲。
2026-10-04T03:04:07+00:00,load02,ses_user_cb7ad6af6f18d4fa_f74ef66fc6ac,10,3257,不客氣！今天聊得很開心 😊 有任何問題隨時回來找我，祝你有個美好的一天！🌟
2026-10-04T03:04:10+00:00,load03,ses_user_3e2a5254672d5c11_fb71ae7307a4,8,8367,東京幾個很值得去的博物館：  **藝術類** - 🎨 **東京國立博物館**（上野）— 日本最大，收藏豐富的日本與亞洲文物 - 🖼 **森美術館**（六本木）—
2026-10-04T03:04:10+00:00,load04,ses_user_e568faf3b7549016_afdbabb277dc,5,3567,起床後先喝一大杯水，補充睡眠中流失的水分，比咖啡更快趕走昏沉感。☀️
2026-10-04T03:04:11+00:00,load05,ses_user_1d78311fd7308951_e27e2a0f41ae,2,4838,推薦你這本：  **《原子習慣》(Atomic Habits) — James Clear**  📖 為什麼適合週末讀？ - 章節短小，隨時可以放下又拿起 - 
2026-10-04T03:04:14+00:00,load03,ses_user_3e2a5254672d5c11_fb71ae7307a4,9,3713,請問是什麼寵物呢？貓、狗、兔子還是其他？個性或外貌有什麼特徵嗎？  這樣我可以幫你想出更合適的名字 🐾
2026-10-04T03:04:14+00:00,load04,ses_user_e568faf3b7549016_afdbabb277dc,6,3605,您好，  想跟您確認一下，明天的會議時間將調整至下午三點，造成不便敬請見諒。  如有任何問題，歡迎隨時告知，謝謝！
2026-10-04T03:04:17+00:00,load03,ses_user_3e2a5254672d5c11_fb71ae7307a4,10,2864,不客氣！有任何問題隨時回來找我 😊 祝你今天愉快！
2026-10-04T03:04:18+00:00,load04,ses_user_e568faf3b7549016_afdbabb277dc,7,3783,推薦**健走（快走）**——不需要器材、不怕受傷、隨時隨地都能做，每天30分鐘就有明顯效果，是新手入門運動的最佳選擇。 🚶‍♂️
2026-10-04T03:04:19+00:00,load06,ses_user_dba8ec9752893fef_066f84dfbb31,1,3908,嗨！我是 AI，沒有真正的「一天」可以過，但我隨時都準備好幫你！😄  你今天過得如何？有什麼我可以幫你的嗎？  --- _Warm-up mode — afte
2026-10-04T03:04:21+00:00,load05,ses_user_1d78311fd7308951_e27e2a0f41ae,3,9853,這裡有三個晚餐點子供你參考：  **1. 番茄炒蛋蓋飯 🍳** - 簡單快手，20分鐘搞定 - 番茄炒蛋淋在白飯上，加點蔥花提味 - 適合不想花太多時間的平日晚
2026-10-04T03:04:24+00:00,load05,ses_user_1d78311fd7308951_e27e2a0f41ae,4,3470,通膨就是**錢越來越不值錢**——同樣的錢，能買到的東西越來越少。
2026-10-04T03:04:25+00:00,load04,ses_user_e568faf3b7549016_afdbabb277dc,8,7186,東京幾個很值得去的博物館：  - 🏛️ **東京國立博物館**（上野）— 日本最大，收藏大量國寶級文物與藝術品 - 🔬 **國立科學博物館**（上野）— 自然史
2026-10-04T03:04:26+00:00,load06,ses_user_dba8ec9752893fef_066f84dfbb31,2,7268,這裡推薦一本很適合週末閱讀的書：  📖 **《牧羊少年奇幻之旅》** — 保羅·科爾賀  **為什麼適合週末讀？** - 篇幅短，一個週末就能讀完（約200頁）
2026-10-04T03:04:28+00:00,load05,ses_user_1d78311fd7308951_e27e2a0f41ae,5,3783,早上起床後先喝一大杯**冷水**☀️  補充睡眠流失的水分，能快速喚醒身體、提升專注力，比咖啡更溫和、零成本，效果立竿見影。
2026-10-04T03:04:31+00:00,load04,ses_user_e568faf3b7549016_afdbabb277dc,9,6244,請問你的寵物是什麼動物？個性活潑還是慵懶？這樣我能幫你想更合適的名字！🐾  不過如果你想要直接來幾個通用的可愛名字，這裡有些建議：  **中文名** - 糰子 
2026-10-04T03:04:34+00:00,load06,ses_user_dba8ec9752893fef_066f84dfbb31,3,7879,這裡有三個晚餐點子：  1. **番茄炒蛋蓋飯** — 快手家常菜，番茄酸甜配上滑嫩炒蛋，淋在白飯上，10 分鐘搞定。  2. **蒜香奶油義大利麵** — 大
2026-10-04T03:04:34+00:00,load07,ses_user_fa1c9f762223057e_ae3db5f52866,1,4555,嗨！我很好，謝謝你問！😊  我是你的個人助理，隨時準備幫你處理各種事情——搜尋資訊、管理檔案、設定提醒、研究任何主題等等。  你今天有什麼需要幫忙的嗎？  --
2026-10-04T03:04:34+00:00,load04,ses_user_e568faf3b7549016_afdbabb277dc,10,3219,不客氣！有任何問題隨時回來找我。祝你今天愉快！ 😊👋
2026-10-04T03:04:35+00:00,load05,ses_user_1d78311fd7308951_e27e2a0f41ae,6,6405,以下是幾個版本，你可以依對象選用：  ---  **📌 一般同事** > 您好，想跟您說明天的會議時間調整為下午三點，造成不便敬請見諒，謝謝！  ---  **
2026-10-04T03:04:37+00:00,load06,ses_user_dba8ec9752893fef_066f84dfbb31,4,3298,通膨就是**錢變薄了**——同樣的錢，能買到的東西越來越少。
2026-10-04T03:04:40+00:00,load07,ses_user_fa1c9f762223057e_ae3db5f52866,2,5334,推薦你這本：  📖 **《原子習慣》(Atomic Habits)** — James Clear  **為什麼適合週末讀？** - 章節短、易讀，隨時可以放下
2026-10-04T03:04:40+00:00,load05,ses_user_1d78311fd7308951_e27e2a0f41ae,7,5476,推薦**健走（快走）🚶**  - 不需要任何器材或技巧，出門就能做 - 每天 30 分鐘，對心肺、體重、情緒都有明顯幫助 - 強度可以自己控制，不容易受傷 - 
2026-10-04T03:04:40+00:00,load06,ses_user_dba8ec9752893fef_066f84dfbb31,5,3173,起床後**先喝一大杯水**，補充睡眠中流失的水分，比咖啡更快讓大腦清醒過來。☀️
2026-10-04T03:04:44+00:00,load06,ses_user_dba8ec9752893fef_066f84dfbb31,6,4133,以下是一則禮貌的訊息：  ---  您好，  想跟您確認一下，明天的會議時間調整為**下午三點**，造成不便敬請見諒。  如有任何問題，歡迎隨時告知，謝謝！  
2026-10-04T03:04:47+00:00,load07,ses_user_fa1c9f762223057e_ae3db5f52866,3,7062,這裡有三個晚餐點子給你 🍽️  **1. 番茄炒蛋蓋飯** - 簡單快速，10分鐘搞定 - 配一碗白飯，加點蔥花提味 - 家常又滿足 😊  **2. 韓式部隊鍋
2026-10-04T03:04:49+00:00,load08,ses_user_a40b641d95e9dce7_4ad06485b289,1,3925,嗨！我是 AI，沒有真實的一天可以過，但我隨時都準備好幫你！😄  你今天過得怎麼樣？有什麼我可以幫上忙的嗎？  --- _Warm-up mode — afte
2026-10-04T03:04:49+00:00,load06,ses_user_dba8ec9752893fef_066f84dfbb31,7,4784,推薦**快走（健走）**！  - 不需要任何器材，出門就能做 - 強度可以自己控制，不容易受傷 - 每天 30 分鐘，對心肺、體重、心情都有明顯幫助 - 比跑步
2026-10-04T03:04:50+00:00,load05,ses_user_1d78311fd7308951_e27e2a0f41ae,8,9979,東京有幾間非常值得去的博物館：  **🎨 藝術類** - **東京國立博物館**（上野）— 日本最大博物館，收藏大量日本古代文物與藝術品 - **森美術館**（
2026-10-04T03:04:53+00:00,load07,ses_user_fa1c9f762223057e_ae3db5f52866,4,6275,通膨（通貨膨脹）就是**錢變薄了**——同樣的錢能買到的東西越來越少，物價普遍持續上漲。
2026-10-04T03:04:56+00:00,load08,ses_user_a40b641d95e9dce7_4ad06485b289,2,7264,📚 週末書單推薦  這裡推薦幾本適合週末輕鬆閱讀的好書，依類型分類：  **輕鬆有趣** - 《解憂雜貨店》— 東野圭吾。溫暖治癒的短篇故事，讀起來不費力，很適
2026-10-04T03:04:57+00:00,load07,ses_user_fa1c9f762223057e_ae3db5f52866,5,3626,起床後先喝一大杯**冷水**，比咖啡更快喚醒身體、啟動代謝。 ☀️
2026-10-04T03:04:57+00:00,load05,ses_user_1d78311fd7308951_e27e2a0f41ae,9,6951,先告訴我一點關於你的寵物，我可以幫你想更適合的名字！  - 🐾 **什麼動物？**（狗、貓、兔子…） - 🎨 **外觀特徵？**（毛色、花紋、體型） - 😄 *
2026-10-04T03:04:58+00:00,load06,ses_user_dba8ec9752893fef_066f84dfbb31,8,8850,東京幾個很值得去的博物館：  1. **東京國立博物館**（上野）    日本最大的博物館，收藏大量日本古代藝術、武士刀、陶瓷等，歷史迷必去。  2. **國立
2026-10-04T03:05:01+00:00,load07,ses_user_fa1c9f762223057e_ae3db5f52866,6,4089,您好，  想跟您說明，明天原定的會議時間需要調整，**改至下午三點**舉行，造成不便敬請見諒。  如有任何問題，歡迎隨時告知，謝謝！
2026-10-04T03:05:01+00:00,load05,ses_user_1d78311fd7308951_e27e2a0f41ae,10,3706,不客氣！今天聊得很愉快 😊  有任何需要隨時回來找我，祝你有個美好的夜晚！🌙
2026-10-04T03:05:04+00:00,load08,ses_user_a40b641d95e9dce7_4ad06485b289,3,7730,這裡有三個晚餐點子：  1. **番茄炒蛋蓋飯** 🍳    - 經典家常菜，快手又美味。番茄炒蛋配上白飯，再加個味噌湯，10分鐘搞定。  2. **韓式部隊鍋
2026-10-04T03:05:04+00:00,load06,ses_user_dba8ec9752893fef_066f84dfbb31,9,6225,你的寵物是什麼動物呢？😊 告訴我牠的種類、毛色或個性，我可以幫你想更合適的名字！  如果你想要我直接給幾個通用的可愛名字，這裡先來幾個：  - **小圓** —
2026-10-04T03:05:05+00:00,load09,ses_user_d11d877e2138e342_bdcb46c27b43,1,4964,嗨！我是 AI，沒有真實的一天可以過，但我隨時都準備好幫你！😄  你今天過得怎麼樣？有什麼我可以幫到你的嗎？  --- _Warm-up mode — afte
2026-10-04T03:05:05+00:00,load07,ses_user_fa1c9f762223057e_ae3db5f52866,7,4190,推薦**健走（快走）**🚶  - 不需器材、不易受傷 - 每天 30 分鐘就有效果 - 隨時隨地都能做，門檻超低  是建立運動習慣最友善的起點！
2026-10-04T03:05:07+00:00,load08,ses_user_a40b641d95e9dce7_4ad06485b289,4,3148,通膨（通貨膨脹）就是**錢變薄了**——同樣的錢，能買到的東西越來越少。
2026-10-04T03:05:08+00:00,load06,ses_user_dba8ec9752893fef_066f84dfbb31,10,3808,不客氣！有任何問題隨時回來找我。祝你今天愉快、晚餐好吃！😊👋
2026-10-04T03:05:11+00:00,load08,ses_user_a40b641d95e9dce7_4ad06485b289,5,3833,早上起床後先喝一大杯**常溫水** 💧  補充睡眠流失的水分，能快速喚醒身體、促進代謝，比咖啡更溫和，效果立竿見影。
2026-10-04T03:05:11+00:00,load09,ses_user_d11d877e2138e342_bdcb46c27b43,2,6585,推薦你這本：  📖 **《原子習慣》(Atomic Habits)** — James Clear  **為什麼適合週末讀？** - 章節短、節奏快，隨時可以放
2026-10-04T03:05:13+00:00,load07,ses_user_fa1c9f762223057e_ae3db5f52866,8,7792,東京幾個很值得去的博物館：  - 🏛 **東京國立博物館**（上野）— 日本最大，收藏豐富的日本古典藝術與文物 - 🎨 **國立西洋美術館**（上野）— 莫內、
2026-10-04T03:05:17+00:00,load09,ses_user_d11d877e2138e342_bdcb46c27b43,3,5481,I'm unable to provide that response. Let me help you with something else.  --- _
2026-10-04T03:05:17+00:00,load08,ses_user_a40b641d95e9dce7_4ad06485b289,6,6334,以下是幾個版本，依正式程度供你選擇：  **一般同事版：** > 您好，想跟您確認一下，明天的會議時間調整為下午三點，造成不便敬請見諒，謝謝！  **較正式版（
2026-10-04T03:05:18+00:00,load07,ses_user_fa1c9f762223057e_ae3db5f52866,9,5746,請問你的寵物是什麼動物？個性活潑還是慵懶？這樣我能幫你想更合適的名字 😊  不過先給幾個通用的可愛選項：  - 🐾 **麻糬**（軟軟圓圓感） - 🍊 **橘子
2026-10-04T03:05:20+00:00,load10,ses_user_4442944fdbeda9e6_8d9c849bc253,1,4997,嗨！我過得很好，謝謝你問！😊  身為你的 AI 助手，我隨時準備好幫忙，所以每天都充滿活力！  你今天過得如何？有什麼我可以幫你的嗎？不管是搜尋資訊、管理檔案、
2026-10-04T03:05:22+00:00,load07,ses_user_fa1c9f762223057e_ae3db5f52866,10,3342,不客氣！聊得很開心 😊 有需要隨時回來找我，祝你今天愉快！ 🌟
2026-10-04T03:05:22+00:00,load08,ses_user_a40b641d95e9dce7_4ad06485b289,7,4874,推薦**健走（快走）** 🚶  - 不需要任何器材或技巧 - 對膝蓋負擔小，適合各年齡層 - 每天30分鐘，就能改善心肺、消耗熱量 - 戶外走還能曬太陽、放鬆心
2026-10-04T03:05:22+00:00,load09,ses_user_d11d877e2138e342_bdcb46c27b43,4,5507,通膨（通貨膨脹）就是**錢變薄了**——同樣的錢能買到的東西越來越少，物價普遍持續上漲的現象。
2026-10-04T03:05:25+00:00,load10,ses_user_4442944fdbeda9e6_8d9c849bc253,2,5420,📚 週末讀書推薦！  **《原子習慣》** by James Clear  這本書非常適合週末閱讀，原因如下：  - **易讀性高** — 章節短小，隨時可以放
2026-10-04T03:05:27+00:00,load09,ses_user_d11d877e2138e342_bdcb46c27b43,5,4980,早上起床後先喝一大杯**常溫水**，補充睡眠流失的水分，比咖啡更快喚醒身體。☀️
2026-10-04T03:05:31+00:00,load09,ses_user_d11d877e2138e342_bdcb46c27b43,6,3541,以下是禮貌版本：  ---  您好，想跟您確認一下，明天的會議時間擬調整至下午三點，造成不便敬請見諒，煩請確認是否方便，謝謝！
2026-10-04T03:05:31+00:00,load10,ses_user_4442944fdbeda9e6_8d9c849bc253,3,6289,這裡有三個晚餐點子給你 🍽️  **1. 番茄炒蛋蓋飯** - 簡單快速，10分鐘搞定 - 番茄、雞蛋、蔥花，配白飯 - 加點醬油和糖提味  **2. 蒜香奶油
2026-10-04T03:05:33+00:00,load08,ses_user_a40b641d95e9dce7_4ad06485b289,8,11552,東京幾個很值得去的博物館：  1. **東京國立博物館** 🏛️（上野）    - 日本最大、最古老的博物館，收藏大量日本古代文物、武士刀、浮世繪，必去經典。 
2026-10-04T03:05:36+00:00,load10,ses_user_4442944fdbeda9e6_8d9c849bc253,4,4913,通膨（通貨膨脹）就是**錢變薄了**——同樣的錢能買到的東西越來越少，物價普遍持續上漲。
2026-10-04T03:05:36+00:00,load09,ses_user_d11d877e2138e342_bdcb46c27b43,7,5666,推薦**健走（快走）**——不需要器材、對膝蓋友善、隨時隨地都能做，每天30分鐘就能有效改善心肺與體力，是新手最容易堅持的運動。👟
2026-10-04T03:05:39+00:00,load08,ses_user_a40b641d95e9dce7_4ad06485b289,9,5978,你的寵物是哪種動物呢？這樣可以幫你想更合適的名字 😊  不過先給你幾個通用的可愛名字參考：  **可愛系 🌸** - 麻糬、湯圓、豆花、奶茶  **帥氣系 😎*
2026-10-04T03:05:40+00:00,load10,ses_user_4442944fdbeda9e6_8d9c849bc253,5,3477,早上起床後先喝一大杯水，補充睡眠流失的水分，比咖啡更快讓大腦清醒過來！ ☀️
2026-10-04T03:05:42+00:00,load08,ses_user_a40b641d95e9dce7_4ad06485b289,10,2910,不客氣！今天聊得很愉快 😊 有任何需要隨時來找我，祝你有個美好的一天！ 🌟
2026-10-04T03:05:43+00:00,load09,ses_user_d11d877e2138e342_bdcb46c27b43,8,6672,東京幾個很值得去的博物館：  - **東京國立博物館**（上野）— 日本最大，收藏豐富的日本古代藝術與文物 - **國立西洋美術館**（上野）— UNESCO世
2026-10-04T03:05:44+00:00,load10,ses_user_4442944fdbeda9e6_8d9c849bc253,6,4462,您好，  想跟您確認一下，原訂的會議時間需要調整，**改至明天下午三點**舉行，造成不便敬請見諒。  還請確認您是否方便，感謝您的配合！  祝好， [您的名字]
2026-10-04T03:05:49+00:00,load09,ses_user_d11d877e2138e342_bdcb46c27b43,9,5697,請問你的寵物是什麼動物？個性或外表有什麼特徵嗎？這樣我可以幫你想更合適的名字！🐾
2026-10-04T03:05:49+00:00,load10,ses_user_4442944fdbeda9e6_8d9c849bc253,7,5227,推薦**健走（快走）**！  - 不需要任何器材或技巧 - 對膝蓋負擔小，適合各年齡層 - 每天30分鐘就有明顯效果 - 戶外走還能曬太陽、放鬆心情 🌿  從每
2026-10-04T03:05:52+00:00,load09,ses_user_d11d877e2138e342_bdcb46c27b43,10,3060,不客氣！有任何問題隨時來找我，祝你今天愉快！😊
2026-10-04T03:05:56+00:00,load10,ses_user_4442944fdbeda9e6_8d9c849bc253,8,6880,東京幾個很值得去的博物館：  **藝術類** - 🎨 **東京國立博物館**（上野）— 日本最大，收藏豐富的日本古代藝術與文物 - 🖼️ **森美術館**（六本
2026-10-04T03:06:02+00:00,load10,ses_user_4442944fdbeda9e6_8d9c849bc253,9,6111,請問你的寵物是什麼動物？個性活潑還是慵懶？這樣可以幫你想更合適的名字 😄  不過如果你想要先來幾個通用的可愛名字，這裡有些建議：  **中文名** - 🍡 麻糬
2026-10-04T03:06:06+00:00,load10,ses_user_4442944fdbeda9e6_8d9c849bc253,10,3530,不客氣！很高興能幫上忙 😊 有任何問題隨時回來找我，祝你今天愉快！ 🌟
