resource,session_id,seconds,vcpu_hours,gb_hours,est_usd
wp7_openclaw,ses_user_002bbc11198479af_a0a3e16d0aa8,98,0.011021,0.132655,0.002240
wp7_openclaw,ses_user_004b45759970617c_1ca7c654d4fb,101,0.011087,0.133055,0.002250
wp7_openclaw,ses_user_0819249976f4b1b0_ef79828739b1,83,0.007903,0.100984,0.001662
wp7_openclaw,ses_user_09644f5a5df75c0f_a291d85f9705,1961,0.033852,2.470044,0.026372
wp7_openclaw,ses_user_11f9621fca3be265_971da0b40292,102,0.011587,0.122182,0.002192
wp7_openclaw,ses_user_1536903e225e8308_6b17445b2d6a,116,0.012005,0.159365,0.002580
wp7_openclaw,ses_user_16c072f402ca685e_9d180d29df26,86,0.009553,0.099473,0.001795
wp7_openclaw,ses_user_180484ca82394ffa_59714d70f7a8,235,0.011649,0.429606,0.005102
wp7_openclaw,ses_user_19f750f3477c6e39_8e0f99629383,103,0.011390,0.190409,0.002819
wp7_openclaw,ses_user_1d78311fd7308951_e27e2a0f41ae,143,0.012935,0.196869,0.003018
wp7_openclaw,ses_user_280bf35d03a2f663_c4d33c6905a4,86,0.008153,0.110860,0.001777
wp7_openclaw,ses_user_2996bf682bb5f026_63e7b78cd7a0,88,0.009616,0.108404,0.001885
wp7_openclaw,ses_user_2a5113197590d700_c019cf887a66,2621,0.019716,3.691650,0.036651
wp7_openclaw,ses_user_3e2a5254672d5c11_fb71ae7307a4,129,0.012560,0.168239,0.002714
wp7_openclaw,ses_user_4442944fdbeda9e6_8d9c849bc253,133,0.012224,0.181777,0.002812
wp7_openclaw,ses_user_4bec9777aa6e931f_4a75d144b528,86,0.008340,0.151373,0.002177
wp7_openclaw,ses_user_5519675479d88c6a_d5608fce00b2,83,0.007936,0.110365,0.001753
wp7_openclaw,ses_user_648960a93180d9af_3e109d0266d2,82,0.007894,0.104600,0.001695
wp7_openclaw,ses_user_69b1b027230b73b7_6371e43a4f15,82,0.007814,0.098591,0.001631
wp7_openclaw,ses_user_69e0f441a83c6b18_a5fb22414271,86,0.008122,0.151054,0.002154
wp7_openclaw,ses_user_6efb2cbed0fcdecd_d0fc1d540d3f,124,0.012601,0.176956,0.002800
wp7_openclaw,ses_user_73d709142b469ac4_e630ac6fcd5d,88,0.010024,0.100849,0.001850
wp7_openclaw,ses_user_7d00791770e0b3c3_71aaa7d48937,123,0.012222,0.173207,0.002731
wp7_openclaw,ses_user_85a7698cc1367365_57f86435f634,102,0.011227,0.130008,0.002233
wp7_openclaw,ses_user_93e98aa8613bf56a_96a01ef2ad2b,500,0.012204,0.833238,0.008966
wp7_openclaw,ses_user_9b93ae1a9570b11b_5cca9a18e585,86,0.008302,0.102452,0.001711
wp7_openclaw,ses_user_9be76ecd1340a32a_1d4e6097802c,82,0.007786,0.100684,0.001648
wp7_openclaw,ses_user_9dcbf4743e89b8c0_f3aff9c8bc4b,83,0.007772,0.103349,0.001672
wp7_openclaw,ses_user_a40b641d95e9dce7_4ad06485b289,140,0.012723,0.192456,0.002957
wp7_openclaw,ses_user_b47b65f5e9a2b96f_c861888ec7a3,83,0.007869,0.106559,0.001711
wp7_openclaw,ses_user_bc925acf65ed315f_6fe10e552d33,101,0.010944,0.147430,0.002373
wp7_openclaw,ses_user_c1125672471049ac_d5bf6f283efc,86,0.008149,0.099337,0.001668
wp7_openclaw,ses_user_c80641e0b59cad93_5d678b952de5,83,0.007868,0.102694,0.001675
wp7_openclaw,ses_user_cb7ad6af6f18d4fa_f74ef66fc6ac,135,0.012342,0.188152,0.002883
wp7_openclaw,ses_user_d11d877e2138e342_bdcb46c27b43,134,0.013003,0.253403,0.003558
wp7_openclaw,ses_user_d31aacf1f23b9de4_a89f52f4d7c3,102,0.011169,0.130123,0.002229
wp7_openclaw,ses_user_d37181c5a40a6ece_4855f602a114,144,0.011815,0.293214,0.003828
wp7_openclaw,ses_user_d40fc45cfea5508a_1b734f89a6bd,98,0.011177,0.122322,0.002156
wp7_openclaw,ses_user_d7e51cfd8c91cbbb_6d68b6b24986,87,0.008264,0.147985,0.002138
wp7_openclaw,ses_user_dba8ec9752893fef_066f84dfbb31,135,0.012596,0.183909,0.002865
wp7_openclaw,ses_user_dc3dbc9667bbb303_9d233dc62399,86,0.008135,0.102180,0.001694
wp7_openclaw,ses_user_e568faf3b7549016_afdbabb277dc,132,0.012902,0.253121,0.003547
wp7_openclaw,ses_user_e6f075ab137d327f_916b345b17d8,102,0.011095,0.138085,0.002298
wp7_openclaw,ses_user_e7a852799ff4ec7d_6acc4e824ab1,86,0.008180,0.101883,0.001695
wp7_openclaw,ses_user_f1c24d84df89a5ca_c19fee8a4347,119,0.012034,0.172370,0.002706
wp7_openclaw,ses_user_f2f24ff8417c1e1a_a405ba143628,102,0.011215,0.187735,0.002778
wp7_openclaw,ses_user_f418a70c80b8d0a5_0f6f381f9ffa,137,0.015727,0.179687,0.003106
wp7_openclaw,ses_user_f5507e8a8b28e680_52de96d733e3,82,0.007761,0.106067,0.001697
wp7_openclaw,ses_user_fa1c9f762223057e_ae3db5f52866,134,0.012536,0.180373,0.002827
wp7_openclaw,ses_user_1942d2366896fdd8_4e23c99d42ee,122,0.011868,0.185712,0.002817
wp7_openclaw,ses_user_91931ea7165bb430_6299c071e1b5,108,0.011463,0.163858,0.002574
wp7_openclaw,ses_user_ad8e24c6518c1658_f4997fffd039,151,0.012064,0.235527,0.003305
