ts,framework,trial,mode,room,start_ms,end_ms,reply,correct,error
2026-10-04T02:37:26+00:00,strands,0,separate,room-1,0,584,藍鯨,True,
2026-10-04T02:37:26+00:00,strands,0,separate,room-2,1,545,紅狐,True,
2026-10-04T02:37:26+00:00,strands,1,separate,room-1,0,539,藍鯨,True,
2026-10-04T02:37:26+00:00,strands,1,separate,room-2,0,592,紅狐,True,
2026-10-04T02:37:26+00:00,strands,2,separate,room-1,0,506,藍鯨,True,
2026-10-04T02:37:26+00:00,strands,2,separate,room-2,1,528,紅狐,True,
2026-10-04T02:37:26+00:00,strands,3,separate,room-1,0,468,藍鯨,True,
2026-10-04T02:37:26+00:00,strands,3,separate,room-2,1,502,紅狐,True,
2026-10-04T02:37:26+00:00,strands,4,separate,room-1,0,557,藍鯨,True,
2026-10-04T02:37:26+00:00,strands,4,separate,room-2,0,562,紅狐,True,
2026-10-04T02:37:26+00:00,strands,0,shared,room-1,0,613,好,,
2026-10-04T02:37:26+00:00,strands,0,shared,room-2,0,0,,,ConcurrencyException: Agent is already processing a request. Concurrent invocations are not supported.
2026-10-04T02:46:15+00:00,openclaw,0,separate,room-1,0,1048,藍鯨,True,
2026-10-04T02:46:15+00:00,openclaw,0,separate,room-2,0,1043,紅狐,True,
2026-10-04T02:46:15+00:00,openclaw,1,separate,room-1,0,1037,藍鯨,True,
2026-10-04T02:46:15+00:00,openclaw,1,separate,room-2,0,1042,紅狐,True,
2026-10-04T02:46:15+00:00,openclaw,2,separate,room-1,0,793,藍鯨,True,
2026-10-04T02:46:15+00:00,openclaw,2,separate,room-2,0,1005,紅狐,True,
2026-10-04T02:46:15+00:00,openclaw,3,separate,room-1,0,1026,藍鯨,True,
2026-10-04T02:46:15+00:00,openclaw,3,separate,room-2,0,910,紅狐,True,
2026-10-04T02:46:15+00:00,openclaw,4,separate,room-1,0,853,藍鯨,True,
2026-10-04T02:46:15+00:00,openclaw,4,separate,room-2,0,1014,紅狐,True,
2026-10-04T02:46:15+00:00,openclaw,0,shared,room-1,0,24,"HTTP 500: {""error"":{""message"":""internal error"",""type"":""api_error""}}",,
2026-10-04T02:46:15+00:00,openclaw,0,shared,room-2,0,825,好,,
2026-10-04T02:46:46+00:00,openclaw,0,shared,room-1,0,868,好,,
2026-10-04T02:46:46+00:00,openclaw,0,shared,room-2,0,1827,好,,
2026-10-04T02:46:49+00:00,openclaw,0,shared,room-1,0,944,好。,,
2026-10-04T02:46:49+00:00,openclaw,0,shared,room-2,0,1641,好。,,
