ts,run,event,values
2026-10-04T16:33:09.754+00:00,login-QG1J19,session_started,"{""session_id"": ""01M43W663725P34C745JQG1J19""}"
2026-10-04T16:33:15.093+00:00,login-QG1J19,login_page_detected,"{""seconds"": 5.3}"
2026-10-04T16:33:15.430+00:00,login-QG1J19,take_control,"{""seconds"": 5.7}"
2026-10-04T16:33:15.470+00:00,login-QG1J19,pushed,"{""status"": 200, ""seconds"": 5.7}"
2026-10-04T16:33:29.360+00:00,login-QG1J19,viewer_page_loaded,"{""sincePageStartMs"": 102, ""userAgent"": ""Mozilla/5.0 (iPhone; CPU iPhone OS 18_7 like Mac OS X) AppleWebKit/605.1.15 (KHTML, like Gecko) Version/26.5 Mobile/15E148 Safari/604.1""}"
2026-10-04T16:33:31.696+00:00,login-QG1J19,viewer_first_frame,"{""sincePageStartMs"": 2438}"
2026-10-04T16:35:15.709+00:00,login-QG1J19,handback_clicked,{}
2026-10-04T16:35:15.713+00:00,login-QG1J19,viewer_handback_sent,"{""sincePageStartMs"": 106458}"
2026-10-04T16:35:15.897+00:00,login-QG1J19,release_control,"{""handed_back"": true, ""seconds"": 126.1}"
2026-10-04T16:35:19.534+00:00,login-QG1J19,result,"{""logged_in"": true, ""flash"": ""You logged into a secure area!\n×"", ""seconds"": 129.8}"
2026-10-04T16:35:19.799+00:00,login-QG1J19,session_stopped,"{""seconds"": 130.0}"
2026-10-04T16:35:35.735+00:00,expired,viewer_disconnect,"{""sincePageStartMs"": 126475, ""reason"": ""{\""code\"":2,\""message\"":\""Normal closure, meaning that the purpose for which the connection was established has been fulfilled\""}""}"
2026-10-04T16:35:35.737+00:00,expired,viewer_disconnect,"{""sincePageStartMs"": 126476, ""reason"": ""{\""code\"":2,\""message\"":\""Normal closure, meaning that the purpose for which the connection was established has been fulfilled\""}""}"
2026-10-04T16:36:19.465+00:00,login-75V420,session_started,"{""session_id"": ""01M43WBYZBWH2KFWET9475V420""}"
2026-10-04T16:36:50.534+00:00,login-75V420,cdp_timeout,"{""what"": ""goto"", ""seconds"": 30}"
2026-10-04T16:36:50.810+00:00,login-75V420,session_stopped,"{""seconds"": 31.3}"
2026-10-04T16:38:11.267+00:00,login-856A41,session_started,"{""session_id"": ""01M43WFC480H9HJVWKFC856A41""}"
2026-10-04T16:38:42.209+00:00,login-856A41,cdp_timeout,"{""what"": ""goto"", ""seconds"": 30}"
2026-10-04T16:38:42.996+00:00,login-856A41,cdp_reconnected,"{""what"": ""goto""}"
2026-10-04T16:39:13.112+00:00,login-856A41,login_page_detected,"{""seconds"": 61.8}"
2026-10-04T16:39:13.532+00:00,login-856A41,take_control,"{""seconds"": 62.3}"
2026-10-04T16:39:13.555+00:00,login-856A41,pushed,"{""status"": 200, ""seconds"": 62.3}"
2026-10-04T16:43:13.704+00:00,login-856A41,release_control,"{""handed_back"": false, ""seconds"": 302.4}"
2026-10-04T16:43:13.937+00:00,login-856A41,session_stopped,"{""seconds"": 302.7}"
2026-10-04T16:44:19.957+00:00,login-HWS09D,session_started,"{""session_id"": ""01M43WTMVR7B6M3ECRTVHWS09D""}"
2026-10-04T16:44:51.675+00:00,login-HWS09D,cdp_timeout,"{""what"": ""goto"", ""seconds"": 30}"
2026-10-04T16:44:52.584+00:00,login-HWS09D,cdp_reconnected,"{""what"": ""goto""}"
2026-10-04T16:44:54.277+00:00,login-HWS09D,login_page_detected,"{""seconds"": 34.3}"
2026-10-04T16:44:54.562+00:00,login-HWS09D,take_control,"{""seconds"": 34.6}"
2026-10-04T16:44:54.588+00:00,login-HWS09D,pushed,"{""status"": 200, ""seconds"": 34.6}"
2026-10-04T16:48:50.249+00:00,login-HWS09D,release_control,"{""handed_back"": false, ""seconds"": 270.3}"
2026-10-04T16:48:50.488+00:00,login-HWS09D,session_stopped,"{""seconds"": 270.5}"
2026-10-04T16:49:16.260+00:00,login-GK1XN7,session_started,"{""session_id"": ""01M43X3P4T7A4GM3H9KTGK1XN7""}"
2026-10-04T16:49:20.320+00:00,login-GK1XN7,login_page_detected,"{""seconds"": 4.1}"
2026-10-04T16:49:20.617+00:00,login-GK1XN7,take_control,"{""seconds"": 4.4}"
2026-10-04T16:49:20.623+00:00,login-GK1XN7,pushed,"{""status"": 200, ""seconds"": 4.4}"
2026-10-04T16:49:36.484+00:00,login-GK1XN7,viewer_page_loaded,"{""sincePageStartMs"": 80, ""userAgent"": ""Mozilla/5.0 (iPhone; CPU iPhone OS 18_7 like Mac OS X) AppleWebKit/605.1.15 (KHTML, like Gecko) Version/26.5 Mobile/15E148 Safari/604.1""}"
2026-10-04T16:49:38.835+00:00,login-GK1XN7,viewer_first_frame,"{""sincePageStartMs"": 2432}"
2026-10-04T16:52:12.991+00:00,login-GK1XN7,handback_clicked,{}
2026-10-04T16:52:12.995+00:00,login-GK1XN7,viewer_handback_sent,"{""sincePageStartMs"": 156596}"
2026-10-04T16:52:13.162+00:00,login-GK1XN7,release_control,"{""handed_back"": true, ""seconds"": 176.9}"
2026-10-04T16:52:14.674+00:00,login-GK1XN7,result,"{""logged_in"": true, ""flash"": ""You logged into a secure area!\n×"", ""seconds"": 178.4}"
2026-10-04T16:52:14.941+00:00,login-GK1XN7,session_stopped,"{""seconds"": 178.7}"
2026-10-04T16:52:42.854+00:00,expired,viewer_disconnect,"{""sincePageStartMs"": 186445, ""reason"": ""{\""code\"":2,\""message\"":\""Normal closure, meaning that the purpose for which the connection was established has been fulfilled\""}""}"
2026-10-04T16:52:42.856+00:00,expired,viewer_disconnect,"{""sincePageStartMs"": 186446, ""reason"": ""{\""code\"":2,\""message\"":\""Normal closure, meaning that the purpose for which the connection was established has been fulfilled\""}""}"
